"x","y"
1,"4.44"
2,"4.5"
3,"4.61"
4,"4.74"
5,"4.86"
6,"4.82"
7,"4.73"
8,"4.79"
9,"4.84"
10,"4.59"
11,"4.64"
12,"4.74"
13,"4.86"
14,"4.88"
15,"5.04"
16,"5.18"
17,"5.18"
18,"5.13"
19,"5.1"
20,"5.04"
21,"4.95"
22,"4.97"
23,"4.95"
24,"5.07"
25,"5.11"
26,"5.15"
27,"5.11"
28,"5.04"
29,"5.05"
30,"4.98"
31,"4.97"
32,"4.97"
33,"4.59"
34,"4.19"
35,"4.04"
36,"4.42"
37,"4.66"
38,"4.8"
39,"4.73"
40,"4.6"
41,"4.48"
42,"4.46"
43,"4.46"
44,"4.47"
45,"4.54"
46,"4.53"
47,"4.57"
48,"4.54"
49,"4.54"
50,"4.53"
51,"4.59"
52,"4.65"
53,"4.47"
54,"4.38"
55,"4.39"
56,"4.41"
57,"4.37"
58,"4.3"
59,"4.37"
60,"4.37"
61,"4.46"
62,"4.52"
63,"4.51"
64,"4.34"
65,"4.18"
66,"4.15"
67,"4.1"
68,"3.93"
69,"3.69"
70,"3.67"
71,"3.6"
72,"3.58"
73,"3.55"
74,"3.34"
75,"3.17"
76,"2.94"
77,"2.94"
78,"2.73"
79,"2.85"
80,"3.05"
81,"3.24"
82,"3.31"
83,"3.26"
84,"3.25"
85,"3.25"
86,"3.18"
87,"3.24"
88,"3.33"
89,"3.34"
90,"3.41"
91,"3.48"
92,"3.45"
93,"3.52"
94,"3.48"
95,"3.47"
96,"3.45"
97,"3.58"
98,"3.71"
99,"3.65"
100,"3.77"
101,"3.94"
102,"3.96"
103,"4.04"
104,"4.07"
105,"4.22"
106,"4.68"
107,"4.93"
108,"4.92"
109,"5.11"
110,"5.2"
111,"5.3"
112,"5.18"
113,"4.77"
114,"4.79"
115,"5.01"
116,"5.19"
117,"5.18"
118,"5.33"
119,"5.61"
120,"5.84"
121,"6.19"
122,"6.17"
123,"6.24"
124,"6.22"
125,"6.5"
126,"6.58"
127,"6.35"
128,"6.2"
129,"6.25"
130,"6.15"
131,"6.19"
132,"6.01"
133,"5.92"
134,"5.79"
135,"5.78"
136,"5.78"
137,"5.71"
138,"5.68"
139,"6"
140,"6.18"
141,"6.24"
142,"6.07"
143,"5.81"
144,"5.84"
145,"5.81"
146,"5.68"
147,"5.75"
148,"5.87"
149,"5.77"
150,"5.82"
151,"5.73"
152,"5.47"
153,"5.53"
154,"5.38"
155,"5.46"
156,"5.34"
157,"5.18"
158,"5.32"
159,"5.3"
160,"5.06"
161,"4.65"
162,"4.46"
163,"4.46"
164,"4.74"
165,"4.59"
166,"4.44"
167,"4.35"
168,"4.34"
169,"4.24"
170,"4.37"
171,"4.38"
172,"4.37"
173,"4.32"
174,"4.3"
175,"4.46"
176,"4.71"
177,"4.65"
178,"4.92"
179,"5.24"
180,"5.2"
181,"5.2"
182,"5.3"
183,"5.19"
184,"5.12"
185,"5.02"
186,"5.25"
187,"5.33"
188,"5.37"
189,"5.51"
190,"5.65"
191,"5.79"
192,"5.64"
193,"5.58"
194,"5.54"
195,"5.67"
196,"5.8"
197,"5.9"
198,"5.73"
199,"5.59"
200,"5.45"
201,"5.38"
202,"5.2"
203,"5.3"
204,"5.27"
205,"5.31"
206,"5.28"
207,"5.08"
208,"5.1"
209,"5.17"
210,"5.01"
211,"5.14"
212,"5.25"
213,"5.38"
214,"5.35"
215,"5.24"
216,"5.14"
217,"5.24"
218,"5.3"
219,"5.19"
220,"5.18"
221,"5.32"
222,"5.41"
223,"5.3"
224,"5.37"
225,"5.5"
226,"5.4"
227,"5.35"
228,"5.32"
229,"5.38"
230,"5.32"
231,"5.28"
232,"5.39"
233,"5.62"
234,"5.58"
235,"5.54"
236,"5.41"
237,"5.32"
238,"5.08"
239,"4.71"
240,"4.6"
241,"4.84"
242,"4.9"
243,"4.81"
244,"4.97"
245,"4.95"
246,"4.85"
247,"4.77"
248,"4.93"
249,"5.33"
250,"5.33"
251,"5.25"
252,"5.41"
253,"5.51"
254,"5.52"
255,"5.58"
256,"5.57"
257,"5.57"
258,"5.54"
259,"5.54"
260,"5.62"
261,"5.48"
262,"5.59"
263,"5.57"
264,"5.51"
265,"5.61"
266,"5.51"
267,"5.31"
268,"5.31"
269,"4.84"
270,"4.61"
271,"4.18"
272,"4.08"
273,"4.37"
274,"4.5"
275,"4.57"
276,"4.41"
277,"4.32"
278,"4.38"
279,"4.51"
280,"4.57"
281,"4.4"
282,"4.34"
283,"4.25"
284,"4.41"
285,"4.48"
286,"4.34"
287,"4.34"
288,"4.3"
289,"4.25"
290,"4.19"
291,"4.19"
292,"4.37"
293,"4.61"
294,"4.7"
295,"4.72"
296,"4.79"
297,"4.82"
298,"4.75"
299,"4.59"
300,"4.32"
301,"4.27"
302,"4.45"
303,"4.38"
304,"4.42"
305,"4.4"
306,"4.32"
307,"4.04"
308,"3.81"
309,"4.01"
310,"4.1"
311,"4.38"
312,"4.22"
313,"4.22"
314,"4.18"
315,"4.19"
316,"4.06"
317,"4.08"
318,"4.27"
319,"4.46"
320,"4.75"
321,"4.98"
322,"4.82"
323,"4.65"
324,"4.75"
325,"4.88"
326,"4.87"
327,"4.65"
328,"4.57"
329,"4.87"
330,"5.06"
331,"5.08"
332,"5.27"
333,"5.26"
334,"5.15"
335,"5.32"
336,"5.65"
337,"6.08"
338,"6.31"
339,"6.4"
340,"6.48"
341,"6.21"
342,"6.07"
343,"6.28"
344,"6.44"
345,"6.37"
346,"6.34"
347,"6.46"
348,"6.02"
349,"6.1"
350,"6.21"
351,"6.26"
352,"6.34"
353,"6.04"
354,"5.86"
355,"5.86"
356,"5.94"
357,"5.8"
358,"6.01"
359,"6.48"
360,"6.87"
361,"7.07"
362,"7.25"
363,"7.51"
364,"8.14"
365,"7.73"
366,"8.5"
367,"7.93"
368,"8.04"
369,"8"
370,"7.91"
371,"8.08"
372,"7.95"
373,"8.12"
374,"8.19"
375,"8.2"
376,"8.48"
377,"8.46"
378,"8.41"
379,"8.6"
380,"8.83"
381,"8.85"
382,"8.57"
383,"8.24"
384,"8.05"
385,"8.46"
386,"8.41"
387,"8.08"
388,"7.75"
389,"7.6"
390,"7.18"
391,"6.85"
392,"6.63"
393,"6.47"
394,"6.26"
395,"6.28"
396,"6.57"
397,"6.68"
398,"6.5"
399,"6.48"
400,"6.64"
401,"6.5"
402,"6.51"
403,"6.78"
404,"7.01"
405,"7.32"
406,"7.75"
407,"8.17"
408,"8.25"
409,"8.43"
410,"8.8"
411,"9.05"
412,"8.94"
413,"8.5"
414,"8.6"
415,"8.87"
416,"9.2"
417,"9.23"
418,"9.36"
419,"9.31"
420,"9.54"
421,"9.87"
422,"9.8"
423,"9.56"
424,"9.43"
425,"9.18"
426,"9.3"
427,"9.06"
428,"9.73"
429,"10.03"
430,"9.73"
431,"9.93"
432,"9.84"
433,"9.56"
434,"9.26"
435,"8.35"
436,"8.39"
437,"8.1"
438,"7.84"
439,"8.14"
440,"7.53"
441,"7.45"
442,"6.64"
443,"6.25"
444,"6.57"
445,"6.85"
446,"6.6"
447,"6.87"
448,"7.24"
449,"7.63"
450,"7.64"
451,"7.92"
452,"8.26"
453,"8.17"
454,"8.27"
455,"8.83"
456,"9.03"
457,"9.06"
458,"8.8"
459,"8.92"
460,"9.32"
461,"9.63"
462,"9.8"
463,"9.94"
464,"10.18"
465,"10.19"
466,"10.23"
467,"10.18"
468,"10.3"
469,"10.08"
470,"9.72"
471,"9.96"
472,"9.72"
473,"9.56"
474,"9.1"
475,"8.64"
476,"8.85"
477,"8.91"
478,"9.32"
479,"9.31"
480,"9.05"
481,"9.27"
482,"9.43"
483,"9.32"
484,"9.28"
485,"9.48"
486,"9.67"
487,"9.63"
488,"9.17"
489,"8.67"
490,"8.72"
491,"9.07"
492,"9.11"
493,"9.12"
494,"9.04"
495,"9.3"
496,"9.59"
497,"9.58"
498,"9.58"
499,"9.59"
500,"9.81"
501,"9.86"
502,"9.84"
503,"9.73"
504,"9.38"
505,"9.3"
506,"8.97"
507,"8.8"
508,"8.79"
509,"8.55"
510,"8.12"
511,"8.23"
512,"8.45"
513,"8.53"
514,"8.26"
515,"8.05"
516,"8.04"
517,"8.37"
518,"8.48"
519,"8.32"
520,"8.12"
521,"8.17"
522,"8.13"
523,"7.68"
524,"7.68"
525,"7.68"
526,"7.68"
527,"7.68"
528,"7.35"
529,"7.48"
530,"7.38"
531,"7.57"
532,"8.14"
533,"7.95"
534,"8.04"
535,"8.01"
536,"8.35"
537,"8.66"
538,"9.14"
539,"9.46"
540,"9.48"
541,"9.33"
542,"9.2"
543,"9.17"
544,"9.07"
545,"9.27"
546,"9.36"
547,"9.23"
548,"9.3"
549,"9.68"
550,"9.98"
551,"10.21"
552,"9.8"
553,"9.57"
554,"9.03"
555,"9.31"
556,"9.17"
557,"8.86"
558,"9.04"
559,"8.79"
560,"8.53"
561,"8.12"
562,"7.68"
563,"7.04"
564,"6.8"
565,"7.21"
566,"7.43"
567,"7.28"
568,"7.21"
569,"7.44"
570,"7.45"
571,"7.51"
572,"7.58"
573,"7.54"
574,"7.86"
575,"8.06"
576,"7.9"
577,"7.85"
578,"7.88"
579,"8.12"
580,"8.39"
581,"8.97"
582,"9.21"
583,"9.51"
584,"8.87"
585,"9.01"
586,"9.47"
587,"9.19"
588,"8.92"
589,"8.83"
590,"8.1"
591,"8.67"
592,"8.6"
593,"8.06"
594,"7.92"
595,"7.91"
596,"7.6"
597,"7.87"
598,"7.88"
599,"7.48"
600,"6.81"
601,"7.11"
602,"7.06"
603,"6.88"
604,"6.91"
605,"7.12"
606,"6.55"
607,"6.53"
608,"6.45"
609,"6.61"
610,"6.7"
611,"7.06"
612,"7.31"
613,"7.3"
614,"7.46"
615,"7.74"
616,"8.21"
617,"8.53"
618,"8.45"
619,"8.51"
620,"8.83"
621,"9.06"
622,"9.26"
623,"8.8"
624,"8.78"
625,"8.9"
626,"9.28"
627,"9.43"
628,"9.1"
629,"8.67"
630,"8.34"
631,"8.06"
632,"8.1"
633,"8.15"
634,"8.03"
635,"8.27"
636,"8.55"
637,"8.83"
638,"8.87"
639,"8.7"
640,"8.5"
641,"8.47"
642,"8.63"
643,"9.03"
644,"9.34"
645,"9.25"
646,"9.13"
647,"9.64"
648,"10.16"
649,"10.58"
650,"10.67"
651,"10.39"
652,"10.28"
653,"10.61"
654,"10.8"
655,"11.1"
656,"11.25"
657,"11.51"
658,"11.89"
659,"12.26"
660,"12.46"
661,"12.65"
662,"12.67"
663,"11.81"
664,"11.48"
665,"11.56"
666,"12.11"
667,"12.62"
668,"13.12"
669,"13.32"
670,"13.02"
671,"13.19"
672,"13.49"
673,"13.4"
674,"13.66"
675,"13.87"
676,"14.21"
677,"14.7"
678,"14.89"
679,"15.22"
680,"16.03"
681,"16.94"
682,"16.68"
683,"17.06"
684,"17.46"
685,"17.53"
686,"17.32"
687,"18.25"
688,"19.4"
689,"20"
690,"19.02"
691,"19.16"
692,"19.78"
693,"21.17"
694,"21.6"
695,"23.06"
696,"23.15"
697,"24.86"
698,"24.99"
699,"25.43"
700,"25.28"
701,"25.66"
702,"26.15"
703,"28.48"
704,"30.1"
705,"31.3"
706,"27.99"
707,"20.58"
708,"21.4"
709,"21.71"
710,"23.07"
711,"23.94"
712,"25.46"
713,"23.94"
714,"21.52"
715,"21.06"
716,"20.79"
717,"20.78"
718,"17.92"
719,"16.62"
720,"15.51"
721,"15.98"
722,"17.2"
723,"17.53"
724,"15.86"
725,"14.33"
726,"13.87"
727,"14.33"
728,"13.9"
729,"11.83"
730,"10.25"
731,"10.39"
732,"8.44"
733,"8.3"
734,"8.23"
735,"8.26"
736,"6.28"
737,"5.51"
738,"4.77"
739,"5.01"
740,"7.53"
741,"8.26"
742,"7.12"
743,"7.05"
744,"6.82"
745,"7.09"
746,"6.25"
747,"6.23"
748,"6.89"
749,"8.87"
750,"10.39"
751,"11.23"
752,"10.67"
753,"10.58"
754,"9.55"
755,"9.78"
756,"9.97"
757,"10.54"
758,"11.32"
759,"10.74"
760,"10.92"
761,"9.81"
762,"9.94"
763,"9.47"
764,"9.1"
765,"8.88"
766,"8.95"
767,"9.2"
768,"9.26"
769,"9.26"
770,"8.98"
771,"8.41"
772,"9.04"
773,"9.75"
774,"10.12"
775,"10.65"
776,"11.37"
777,"11.61"
778,"11.92"
779,"13.04"
780,"13.04"
781,"13.76"
782,"14.55"
783,"14.86"
784,"14.88"
785,"14.09"
786,"14.69"
787,"15.56"
788,"15.87"
789,"16.05"
790,"16.89"
791,"17.36"
792,"17.06"
793,"17.59"
794,"18.11"
795,"18.09"
796,"17.01"
797,"16.25"
798,"15.64"
799,"16.57"
800,"16.74"
801,"14.37"
802,"12.28"
803,"11.2"
804,"11.02"
805,"11.31"
806,"11.04"
807,"10.31"
808,"9.89"
809,"9.98"
810,"10.21"
811,"12.24"
812,"12.31"
813,"11.75"
814,"13.06"
815,"13.07"
816,"12.69"
817,"12.5"
818,"12.4"
819,"12.39"
820,"10.83"
821,"11.23"
822,"11.43"
823,"11.71"
824,"11.54"
825,"12.77"
826,"12.9"
827,"12.67"
828,"12.37"
829,"12.3"
830,"12.22"
831,"12.15"
832,"12.27"
833,"10.58"
834,"9.67"
835,"9.99"
836,"10.2"
837,"10.63"
838,"10.73"
839,"10.98"
840,"10.53"
841,"10.55"
842,"9.89"
843,"9.95"
844,"9.64"
845,"9.43"
846,"9.76"
847,"10.26"
848,"10.21"
849,"10.24"
850,"9.83"
851,"9.37"
852,"8.76"
853,"8.93"
854,"8.65"
855,"8.18"
856,"7.84"
857,"7.93"
858,"8.33"
859,"8.64"
860,"8.59"
861,"8.68"
862,"9.32"
863,"9.47"
864,"9.52"
865,"10.09"
866,"10.69"
867,"11.07"
868,"11.44"
869,"11.89"
870,"12.1"
871,"12.35"
872,"11.74"
873,"11.99"
874,"11.88"
875,"11.33"
876,"11.48"
877,"11.85"
878,"11.77"
879,"12.1"
880,"11.89"
881,"12.1"
882,"12.67"
883,"13"
884,"12.81"
885,"12.6"
886,"12.91"
887,"12.82"
888,"13.1"
889,"13.49"
890,"13.94"
891,"13.93"
892,"14.28"
893,"14.82"
894,"15.09"
895,"14.78"
896,"14.83"
897,"15.84"
898,"16.5"
899,"17.04"
900,"17.33"
901,"18.02"
902,"18.07"
903,"17.53"
904,"18.66"
905,"18.7"
906,"18.58"
907,"18.05"
908,"17.7"
909,"15.09"
910,"14.75"
911,"14.69"
912,"15.13"
913,"15.21"
914,"15.8"
915,"15.16"
916,"14.6"
917,"14.34"
918,"14.84"
919,"15.77"
920,"15.46"
921,"15.06"
922,"15.45"
923,"15.27"
924,"15.03"
925,"14.83"
926,"14.1"
927,"14.3"
928,"15.4"
929,"16.15"
930,"16.82"
931,"16.42"
932,"15.94"
933,"15.76"
934,"16.19"
935,"15.29"
936,"15.19"
937,"15.36"
938,"14.77"
939,"14.91"
940,"14.89"
941,"14.78"
942,"13.97"
943,"14.76"
944,"15.29"
945,"15.49"
946,"15.89"
947,"16.11"
948,"16.54"
949,"16.88"
950,"17.21"
951,"17.35"
952,"17.84"
953,"18.44"
954,"18.74"
955,"17.38"
956,"18.43"
957,"19.08"
958,"19.87"
959,"19.83"
960,"19.75"
961,"21.21"
962,"22"
963,"21.63"
964,"21.92"
965,"21.93"
966,"21.55"
967,"21.93"
968,"22.89"
969,"23.48"
970,"23.36"
971,"22.71"
972,"23.41"
973,"24.19"
974,"23.75"
975,"23.81"
976,"23.74"
977,"23.73"
978,"24.38"
979,"25.08"
980,"25.18"
981,"24.78"
982,"24.26"
983,"25.03"
984,"26.04"
985,"26.18"
986,"25.86"
987,"25.99"
988,"24.71"
989,"24.84"
990,"23.95"
991,"24.29"
992,"24.39"
993,"23.27"
994,"23.97"
995,"24.5"
996,"24.83"
997,"25.46"
998,"26.02"
999,"26.57"
1000,"27.63"
1001,"28.73"
1002,"28.96"
1003,"30.13"
1004,"30.73"
1005,"31.45"
1006,"32.18"
1007,"33.44"
1008,"34.97"
1009,"35.6"
1010,"36.79"
1011,"36.5"
1012,"37.76"
1013,"37.6"
1014,"39.78"
1015,"42.69"
1016,"42.43"
1017,"44.34"
1018,"42.11"
1019,"44.95"
1020,"45.37"
1021,"44.15"
1022,"44.43"
1023,"47.49"
1024,"48.05"
1025,"46.54"
1026,"46.27"
1027,"48.78"
1028,"48.49"
1029,"46.84"
1030,"46.24"
1031,"45.76"
1032,"46.44"
1033,"45.43"
1034,"43.47"
1035,"44.03"
1036,"45.05"
1037,"46.78"
1038,"47.55"
1039,"48.51"
1040,"45.84"
1041,"43.98"
1042,"41.24"
1043,"40.35"
1044,"40.33"
1045,"41.12"
1046,"41.26"
1047,"42.11"
1048,"42.34"
1049,"43.7"
1050,"44.75"
1051,"45.98"
1052,"47.7"
1053,"48.96"
1054,"50.95"
1055,"52.5"
1056,"53.49"
1057,"55.62"
1058,"54.77"
1059,"56.16"
1060,"57.1"
1061,"57.96"
1062,"57.46"
1063,"59.74"
1064,"59.4"
1065,"57.05"
1066,"57"
1067,"57.23"
1068,"59.06"
1069,"58.03"
1070,"55.78"
1071,"55.02"
1072,"55.73"
1073,"55.22"
1074,"57.26"
1075,"55.84"
1076,"56.51"
1077,"54.81"
1078,"53.73"
1079,"55.47"
1080,"56.8"
1081,"59.72"
1082,"62.17"
1083,"64.12"
1084,"65.83"
1085,"66.5"
1086,"65.62"
1087,"65.44"
1088,"67.79"
1089,"67.26"
1090,"68"
1091,"71.08"
1092,"71.74"
1093,"69.07"
1094,"70.22"
1095,"70.29"
1096,"68.05"
1097,"62.99"
1098,"55.63"
1099,"56.97"
1100,"58.52"
1101,"58"
1102,"56.17"
1103,"60.04"
1104,"62.64"
1105,"65.06"
1106,"65.92"
1107,"65.67"
1108,"68.76"
1109,"70.14"
1110,"70.11"
1111,"69.07"
1112,"70.98"
1113,"72.85"
1114,"73.03"
1115,"72.62"
1116,"74.17"
1117,"76.45"
1118,"77.39"
1119,"78.8"
1120,"79.94"
1121,"80.72"
1122,"80.24"
1123,"83.22"
1124,"82"
1125,"83.41"
1126,"84.85"
1127,"85.44"
1128,"83.96"
1129,"86.12"
1130,"86.75"
1131,"86.83"
1132,"87.97"
1133,"89.28"
1134,"85.04"
1135,"84.91"
1136,"86.49"
1137,"89.38"
1138,"91.39"
1139,"92.15"
1140,"91.73"
1141,"93.32"
1142,"92.69"
1143,"88.88"
1144,"91.6"
1145,"86.78"
1146,"86.06"
1147,"85.84"
1148,"80.65"
1149,"77.81"
1150,"77.13"
1151,"80.99"
1152,"81.33"
1153,"84.45"
1154,"87.36"
1155,"89.42"
1156,"90.96"
1157,"92.59"
1158,"91.43"
1159,"93.01"
1160,"94.49"
1161,"95.81"
1162,"95.66"
1163,"92.66"
1164,"95.3"
1165,"95.04"
1166,"90.75"
1167,"89.09"
1168,"95.67"
1169,"97.87"
1170,"100.5"
1171,"100.3"
1172,"98.11"
1173,"101.3"
1174,"103.8"
1175,"105.4"
1176,"106.5"
1177,"102"
1178,"101.5"
1179,"99.3"
1180,"101.3"
1181,"104.6"
1182,"99.14"
1183,"94.71"
1184,"94.18"
1185,"94.51"
1186,"95.52"
1187,"96.21"
1188,"91.11"
1189,"90.31"
1190,"87.16"
1191,"88.65"
1192,"85.95"
1193,"76.06"
1194,"75.59"
1195,"75.72"
1196,"77.92"
1197,"82.58"
1198,"84.37"
1199,"84.28"
1200,"90.05"
1201,"93.49"
1202,"97.11"
1203,"99.6"
1204,"103"
1205,"101.6"
1206,"99.72"
1207,"99"
1208,"97.24"
1209,"99.4"
1210,"97.29"
1211,"92.78"
1212,"99.17"
1213,"103.3"
1214,"105.2"
1215,"107.7"
1216,"108.8"
1217,"107.7"
1218,"108"
1219,"107.2"
1220,"111"
1221,"109.4"
1222,"109.6"
1223,"115.1"
1224,"117.5"
1225,"118.4"
1226,"114.2"
1227,"112.4"
1228,"110.3"
1229,"107.2"
1230,"104.8"
1231,"105.8"
1232,"103.8"
1233,"105.6"
1234,"109.8"
1235,"102"
1236,"94.78"
1237,"96.11"
1238,"93.45"
1239,"97.44"
1240,"92.46"
1241,"89.67"
1242,"89.79"
1243,"79.31"
1244,"76.03"
1245,"68.12"
1246,"69.44"
1247,"71.74"
1248,"67.07"
1249,"72.56"
1250,"80.1"
1251,"83.78"
1252,"84.72"
1253,"90.1"
1254,"92.4"
1255,"92.49"
1256,"85.71"
1257,"84.67"
1258,"88.57"
1259,"90.07"
1260,"88.7"
1261,"96.86"
1262,"100.6"
1263,"101.1"
1264,"101.9"
1265,"101.2"
1266,"101.8"
1267,"104.2"
1268,"103.3"
1269,"105.5"
1270,"101.9"
1271,"101.2"
1272,"104.7"
1273,"103.8"
1274,"101"
1275,"100.6"
1276,"99.05"
1277,"98.76"
1278,"99.29"
1279,"100.2"
1280,"97.75"
1281,"96.23"
1282,"93.74"
1283,"94.28"
1284,"93.82"
1285,"90.25"
1286,"88.98"
1287,"88.82"
1288,"92.71"
1289,"97.41"
1290,"97.66"
1291,"97.19"
1292,"103.9"
1293,"103.9"
1294,"100.6"
1295,"94.71"
1296,"96.11"
1297,"99.71"
1298,"98.23"
1299,"100.1"
1300,"102.1"
1301,"99.73"
1302,"101.7"
1303,"102.7"
1304,"107.4"
1305,"108.6"
1306,"104.5"
1307,"103.7"
1308,"107.8"
1309,"110.9"
1310,"115.3"
1311,"104.7"
1312,"103"
1313,"107.7"
1314,"114.6"
1315,"119.8"
1316,"123.5"
1317,"126.5"
1318,"130.2"
1319,"135.7"
1320,"133.5"
1321,"133"
1322,"128.4"
1323,"133.2"
1324,"134.4"
1325,"131.7"
1326,"132.3"
1327,"129.1"
1328,"129.6"
1329,"118.3"
1330,"119.8"
1331,"122.9"
1332,"123.8"
1333,"117.3"
1334,"114.5"
1335,"110.8"
1336,"116.3"
1337,"116.4"
1338,"109.7"
1339,"109.4"
1340,"109.7"
1341,"122.4"
1342,"132.7"
1343,"138.1"
1344,"139.4"
1345,"144.3"
1346,"146.8"
1347,"151.9"
1348,"157.7"
1349,"164.1"
1350,"166.4"
1351,"167"
1352,"162.4"
1353,"167.2"
1354,"167.7"
1355,"165.2"
1356,"164.4"
1357,"166.4"
1358,"157.3"
1359,"157.4"
1360,"157.6"
1361,"156.6"
1362,"153.1"
1363,"151.1"
1364,"164.4"
1365,"166.1"
1366,"164.8"
1367,"166.3"
1368,"164.5"
1369,"171.6"
1370,"180.9"
1371,"179.4"
1372,"180.6"
1373,"184.9"
1374,"188.9"
1375,"192.5"
1376,"188.3"
1377,"184.1"
1378,"186.2"
1379,"197.5"
1380,"207.3"
1381,"208.2"
1382,"219.4"
1383,"232.3"
1384,"238"
1385,"238.5"
1386,"245.3"
1387,"240.2"
1388,"245"
1389,"238.3"
1390,"237.4"
1391,"245.1"
1392,"248.6"
1393,"264.5"
1394,"280.9"
1395,"292.5"
1396,"289.3"
1397,"289.1"
1398,"301.4"
1399,"310.1"
1400,"329.4"
1401,"318.7"
1402,"280.2"
1403,"245"
1404,"241"
1405,"250.5"
1406,"258.1"
1407,"265.7"
1408,"262.6"
1409,"256.1"
1410,"270.7"
1411,"269.1"
1412,"263.7"
1413,"268"
1414,"277.4"
1415,"271"
1416,"276.5"
1417,"285.4"
1418,"294"
1419,"292.7"
1420,"302.3"
1421,"313.9"
1422,"323.7"
1423,"331.9"
1424,"346.6"
1425,"347.3"
1426,"347.4"
1427,"340.2"
1428,"348.6"
1429,"339.97"
1430,"330.45"
1431,"338.46"
1432,"338.18"
1433,"350.25"
1434,"360.39"
1435,"360.03"
1436,"330.75"
1437,"315.41"
1438,"307.12"
1439,"315.29"
1440,"328.75"
1441,"325.49"
1442,"362.26"
1443,"372.28"
1444,"379.68"
1445,"377.99"
1446,"378.29"
1447,"380.23"
1448,"389.4"
1449,"387.2"
1450,"386.88"
1451,"385.92"
1452,"388.51"
1453,"416.08"
1454,"412.56"
1455,"407.36"
1456,"407.41"
1457,"414.81"
1458,"408.27"
1459,"415.05"
1460,"417.93"
1461,"418.48"
1462,"412.5"
1463,"422.84"
1464,"435.64"
1465,"435.23"
1466,"441.7"
1467,"450.16"
1468,"443.08"
1469,"445.25"
1470,"448.06"
1471,"447.29"
1472,"454.13"
1473,"459.24"
1474,"463.9"
1475,"462.89"
1476,"465.95"
1477,"472.99"
1478,"471.58"
1479,"463.81"
1480,"447.23"
1481,"450.9"
1482,"454.83"
1483,"451.4"
1484,"464.24"
1485,"466.96"
1486,"463.81"
1487,"461.01"
1488,"455.19"
1489,"465.25"
1490,"481.92"
1491,"493.15"
1492,"507.91"
1493,"523.81"
1494,"539.35"
1495,"557.37"
1496,"559.11"
1497,"578.77"
1498,"582.92"
1499,"595.53"
1500,"614.57"
1501,"614.42"
1502,"649.54"
1503,"647.07"
1504,"647.17"
1505,"661.23"
1506,"668.5"
1507,"644.07"
1508,"662.68"
1509,"674.88"
1510,"701.46"
1511,"735.67"
1512,"743.25"
1513,"766.22"
1514,"798.39"
1515,"792.16"
1516,"763.93"
1517,"833.09"
1518,"876.29"
1519,"925.29"
1520,"927.24"
1521,"937.02"
1522,"951.16"
1523,"938.92"
1524,"962.37"
1525,"963.36"
1526,"1023.74"
1527,"1076.83"
1528,"1112.2"
1529,"1108.42"
1530,"1108.39"
1531,"1156.58"
1532,"1074.62"
1533,"1020.64"
1534,"1032.47"
1535,"1144.43"
1536,"1190.05"
1537,"1248.77"
1538,"1246.58"
1539,"1281.66"
1540,"1334.76"
1541,"1332.07"
1542,"1322.55"
1543,"1380.99"
1544,"1327.49"
1545,"1318.17"
1546,"1300.01"
1547,"1391"
1548,"1428.68"
1549,"1425.59"
1550,"1388.87"
1551,"1442.21"
1552,"1461.36"
1553,"1418.48"
1554,"1461.96"
1555,"1473"
1556,"1485.46"
1557,"1468.05"
1558,"1390.14"
1559,"1378.04"
1560,"1330.93"
1561,"1335.63"
1562,"1305.75"
1563,"1185.85"
1564,"1189.84"
1565,"1270.37"
1566,"1238.71"
1567,"1204.45"
1568,"1178.5"
1569,"1044.64"
1570,"1076.59"
1571,"1129.68"
1572,"1144.93"
1573,"1140.21"
1574,"1100.67"
1575,"1153.79"
1576,"1111.93"
1577,"1079.25"
1578,"1014.02"
1579,"903.59"
1580,"912.55"
1581,"867.81"
1582,"854.63"
1583,"909.93"
1584,"899.18"
1585,"895.84"
1586,"837.03"
1587,"846.63"
1588,"890.03"
1589,"935.96"
1590,"988"
1591,"992.54"
1592,"989.53"
1593,"1019.44"
1594,"1038.73"
1595,"1049.9"
1596,"1080.64"
1597,"1132.52"
1598,"1143.36"
1599,"1123.98"
1600,"1133.36"
1601,"1102.78"
1602,"1132.76"
1603,"1105.85"
1604,"1088.94"
1605,"1117.66"
1606,"1117.21"
1607,"1168.94"
1608,"1199.21"
1609,"1181.41"
1610,"1199.63"
1611,"1194.9"
1612,"1164.43"
1613,"1178.28"
1614,"1202.25"
1615,"1222.24"
1616,"1224.27"
1617,"1225.92"
1618,"1191.96"
1619,"1237.37"
1620,"1262.07"
1621,"1278.73"
1622,"1276.65"
1623,"1293.74"
1624,"1302.17"
1625,"1290.01"
1626,"1253.17"
1627,"1260.24"
1628,"1287.15"
1629,"1317.74"
1630,"1363.38"
1631,"1388.64"
1632,"1416.42"
1633,"1424.16"
1634,"1444.8"
1635,"1406.95"
1636,"1463.64"
1637,"1511.14"
1638,"1514.19"
1639,"1520.71"
1640,"1454.62"
1641,"1497.12"
1642,"1539.66"
1643,"1463.39"
1644,"1479.22"
1645,"1378.76"
1646,"1354.87"
1647,"1316.94"
1648,"1370.47"
1649,"1403.22"
1650,"1341.25"
1651,"1257.33"
1652,"1281.47"
1653,"1216.95"
1654,"968.8"
1655,"883.04"
1656,"877.56"
1657,"865.58"
1658,"805.23"
1659,"757.13"
1660,"848.15"
1661,"902.41"
1662,"926.12"
1663,"935.82"
1664,"1009.73"
1665,"1044.55"
1666,"1067.66"
1667,"1088.07"
1668,"1110.38"
1669,"1123.58"
1670,"1089.16"
1671,"1152.05"
1672,"1197.32"
1673,"1125.06"
1674,"1083.36"
1675,"1079.8"
1676,"1087.28"
1677,"1122.08"
1678,"1171.58"
1679,"1198.89"
1680,"1241.53"
1681,"1282.62"
1682,"1321.12"
1683,"1304.49"
1684,"1331.51"
1685,"1338.31"
1686,"1287.29"
1687,"1325.19"
1688,"1185.31"
1689,"1173.88"
1690,"1207.22"
1691,"1226.42"
1692,"1243.32"
1693,"1300.58"
1694,"1352.49"
1695,"1389.24"
1696,"1386.43"
1697,"1341.27"
1698,"1323.48"
1699,"1359.78"
1700,"1403.45"
1701,"1443.42"
1702,"1437.82"
1703,"1394.51"
1704,"1422.29"
1705,"1480.4"
1706,"1512.31"
1707,"1550.83"
1708,"1570.7"
1709,"1639.84"
1710,"1618.77"
1711,"1668.68"
1712,"1670.09"
1713,"1687.17"
1714,"1720.03"
1715,"1783.54"
1716,"1807.78"
1717,"1822.36"
1718,"1817.04"
1719,"1863.52"
1720,"1864.26"
1721,"1889.77"
1722,"1947.09"
1723,"1973.1"
1724,"1961.53"
1725,"1993.23"
1726,"1937.27"
1727,"2044.57"
1728,"2054.27"
1729,"2028.18"
1730,"2082.2"
1731,"2079.99"
1732,"2094.86"
1733,"2111.94"
1734,"2099.29"
1735,"2094.14"
1736,"2039.87"
1737,"1944.41"
1738,"2024.81"
1739,"2080.62"
1740,"2054.08"
1741,"1918.6"
1742,"1904.42"
1743,"2021.95"
1744,"2075.54"
1745,"2065.55"
1746,"2083.89"
1747,"2148.9"
1748,"2187.02"
