ID;LATITUDE;LONGITUDE
1;59.95558639;30.35576923
2;59.877311;30.44192553
3;59.92717164;30.32039489
4;59.94779696;30.28366977
5;60.06711269;30.33416011
6;60.04341204;30.38020814
7;59.90626912;30.31781506
8;60.05223127;30.33324416
9;60.00781027;30.25947629
10;60.01672417;30.31522785
11;59.84204178;30.25008403
12;59.9196322;30.46698326
13;59.83286667;30.41902222
14;60.01453125;30.29361628
15;59.92881275;30.41115414
16;59.93742222;30.25878889
17;59.98665556;30.36512778
18;59.96098663;30.29204636
19;60.00187591;30.20236253
20;59.934077;30.33380186
21;59.83160506;30.50240296
22;59.74077297;30.59325572
23;59.961115;30.292297
24;59.85952;30.24697
25;59.99004;30.4313
26;59.91628094;30.31839677
27;59.912158;30.49972
28;59.81635;30.574
29;59.971354;30.347348
30;59.98517009;30.42612845
31;59.86103;30.18042
32;59.91751585;30.2802728
33;60.00993056;30.29074722
34;60.040189;30.39904
35;60.04349221;30.35014023
36;59.89502687;30.49122696
37;59.8518;30.2271
38;59.98418056;30.39891111
39;60.01190614;30.27442103
40;59.85749413;30.23001147
41;60.024958;30.239081
42;59.8565;30.2565
43;59.841475;30.38389722
44;59.78933647;30.14455198
45;60.04396286;30.40360755
46;59.74127779;30.60886112
47;59.855437;30.480575
48;59.95473652;30.43708601
49;60.00844;30.41651
50;59.83532;30.14102
51;59.85112;30.23506
52;60.03437474;30.39486493
53;59.93103291;30.30244812
54;59.93853056;30.26287222
55;59.83363218;30.21863966
56;59.83305;30.16589722
57;59.84169;30.48947
58;59.89518056;30.49171944
59;59.73564759;30.57932717
60;60.03106629;30.40625358
61;59.98513889;30.344175
62;59.92326817;30.28457355
63;59.859579;30.227026
64;59.85198;30.266009
65;60.003526;30.298043
66;60.00312222;30.32709444
67;59.94706389;30.34859444
68;60.04316;30.34917
69;60.01044167;30.40805278
70;59.83528987;30.147813
71;59.73086582;30.46572643
72;59.84661883;30.4831513
73;59.960249;30.490647
74;60.05297;30.33266
75;60.00893333;30.29557222
76;59.97533841;30.37413338
77;59.74948;30.5623
78;59.906789;30.483862
79;60.017439;30.367456
80;60.002583;30.299556
81;59.84031578;30.23933114
82;59.997452;30.372391
83;59.87738599;30.44292951
84;59.83454;30.39139
85;59.853491;30.304563
86;59.748072;30.580267
87;59.731139;30.612223
88;60.007681;30.203733
89;59.933;30.2986
90;59.85956;30.23458
91;59.74105714;30.58624666
92;59.971295;30.340739
93;60.052379;30.335823
94;59.87268119;30.40479706
95;60.01613559;30.381735
96;60.03945753;30.34618885
97;59.813026;30.58042
98;59.901028;30.274332
99;60.01691656;30.24837472
100;59.87593;30.32771
101;60.06276139;30.31886482
102;59.87585;30.3129
103;60.048553;30.354899
104;60.02488594;30.23909512
105;59.85206389;30.29827222
106;59.923054;30.456316
107;59.94948;30.4211
108;59.85162;30.4114
109;59.879705;30.263343
110;60.053577;30.370671
111;59.94297514;30.39519075
112;59.96512335;30.40066142
113;59.8518515;30.38338083
114;59.88686691;30.26789672
115;60.0102;30.40948
116;59.862522;30.173272
117;60.03658217;30.32247232
118;60.00088;30.25659
119;60.00372831;30.32616932
120;60.02522;30.32509
121;59.92045058;30.28628402
122;59.85884673;30.39102326
123;59.8608;30.18122
124;59.84613595;30.37783836
125;59.84193;30.43406
126;59.82949444;30.42192778
127;59.828935;30.175569
128;59.85245815;30.38309842
129;59.935503;30.494858
130;59.730207;30.464407
131;59.986916;30.215881
132;60.002044;30.306929
133;59.94694;30.38220173
134;59.83508;30.39932
135;59.74962041;30.58890601
136;60.00986657;30.29088564
137;59.95462479;30.32646896
138;59.94806;30.23273
139;59.851249;30.267463
140;59.95324722;30.43096944
141;59.86871189;30.44176541
142;59.836433;29.8782
143;59.84842;30.321279
144;59.92887649;30.35935395
145;59.868386;30.383291
146;59.84617;30.270596
147;59.87962778;30.2606
148;59.94349;30.28021
149;59.91413611;30.27799167
150;60.031948;30.251022
151;59.88200278;30.47118611
152;60.02087222;30.33086389
153;59.95928879;30.41456844
154;59.85270383;30.35361264
155;59.942159;30.274866
156;59.866932;30.424093
157;59.95433889;30.46080833
158;59.8999512;30.36124121
159;59.91162;30.31849
160;60.0435;30.3502
161;59.87453438;30.37630993
162;59.85033;30.39488
163;59.848943;30.216769
164;59.825008;30.176128
165;59.74907306;30.59675127
166;60.003272;30.296122
167;59.88374;30.44407
168;59.984846;30.232065
169;59.90412;30.31892
170;59.848361;30.256444
171;60.03963;30.34782
172;59.95292;30.44921
173;59.94153611;30.46438333
174;59.83568;30.3688
175;60.008419;29.733635
176;60.009642;30.235279
177;60.03481444;30.32945004
178;59.741381;30.484238
179;59.94178804;30.46662587
180;59.723902;30.610378
181;60.01072222;30.26303611
182;59.92783894;30.24423932
183;59.90487;30.45394
184;59.86776198;30.37123646
185;59.849055;30.330229
186;59.910581;30.478796
187;60.05924444;30.34368056
188;59.92375;30.31074
189;59.95097222;30.48647223
190;59.85586;30.20464
191;59.98655;30.35601
192;59.84641963;30.40475644
193;60.01063222;30.32455488
194;59.83484;30.22203
195;59.92631729;30.37734358
196;60.01665278;30.32244722
197;59.9482;30.4751
198;59.91152588;30.34818296
199;59.85642;30.35058
200;59.96885556;30.50337222
201;59.93439207;30.33273879
202;59.852036;30.279208
203;59.98050653;30.42187189
204;59.73830556;30.61086112
205;59.86357;30.457384
206;59.967721;30.391591
207;59.84537;30.25149
208;59.906038;29.772756
209;59.87803;30.44968
210;59.985956;30.365374
211;59.97203573;30.3982316
212;60.009109;30.221745
213;59.99576667;30.3464
214;59.929514;30.34779
215;59.87502231;29.92169698
216;59.85225;30.39979
217;60.04253;30.33412
218;60.00271;30.35967
219;59.99635824;30.32203016
220;59.936222;30.4871
221;59.95993;30.42262
222;59.93270966;30.30984643
223;59.82994;30.40568
224;59.85963;30.24096
225;59.83653;30.38912
226;59.91287454;30.2684416
227;59.851731;30.289454
228;60.0405;30.3477
229;59.722202;30.43171
230;59.85475;30.37137
231;59.985714;30.294717
232;60.04822915;30.31824093
233;59.85202;30.39942
234;59.87788;30.271583
235;60.013;30.3688
236;59.83319552;30.39341334
237;59.94171213;30.47741515
238;59.986033;30.364628
239;59.8698;30.4098
240;60.01464331;30.39027899
241;59.84302;30.40914
242;59.85194;30.31536
243;59.83363763;30.21740584
244;59.808813;30.588124
245;59.7287274;30.39564931
246;60.00177222;30.30709722
247;60.01640979;30.33781109
248;59.92830833;30.37197222
249;59.89579721;30.42408678
250;60.018448;30.256766
251;59.85178532;30.28949629
252;59.994995;30.203855
253;59.83333586;30.21193684
254;59.99505749;30.39000993
255;59.97932222;30.3947
256;59.97123381;30.34042782
257;60.04342;30.31603
258;59.855547;30.36109839
259;59.95748611;30.33295833
260;59.87981944;30.26306944
261;59.71558396;30.40347281
262;59.90376844;30.46869776
263;59.90644;30.350793
264;59.86628;30.41724
265;59.735692;30.579693
266;59.686072;30.432466
267;60.0106;30.2558
268;59.94102222;30.27118333
269;59.7342425;30.47171786
270;60.00293;30.246035
271;60.01779;30.3218
272;59.87611111;29.8875
273;59.8355;30.14617
274;60.00019633;30.36277086
275;60.00488992;30.28188432
276;59.84723;30.14514
277;60.033392;30.455707
278;59.811804;30.380759
279;59.87555;30.30656
280;59.844098;30.37503
281;59.85484;30.32981
282;59.94325278;30.23130278
283;59.92601199;30.31582324
284;59.90632;30.41779
285;59.85455984;30.32090149
286;59.91703475;30.28346733
287;59.9369;30.3139
288;60.005485;30.223373
289;59.7215;30.41913
290;59.99665;30.19261
291;59.8784;30.26667
292;59.83322;30.39359
293;59.95425821;30.46142143
294;59.89292;30.477747
295;60.023939;30.319725
296;59.83365;30.21748
297;59.867662;30.371236
298;60.050662;30.293064
299;60.04428323;30.3757738
300;59.984163;30.398878
301;59.843859;30.130516
302;59.7807;30.135046
303;59.741054;30.089984
304;59.928246;30.486433
305;59.92980893;30.41552113
306;59.97186;30.38792
307;59.89727144;30.47477163
308;60.00446389;30.43176389
309;60.03898;30.33156
310;59.86833333;30.45055556
311;59.763288;30.361949
312;59.95303;30.44853
313;59.858663;30.252925
314;59.8360412;30.34331293
315;59.90896944;30.26481667
316;59.8494;30.2181
317;60.00793;30.33904
318;59.89536;29.77387
319;59.833331;30.39285
320;59.73244445;30.40841667
321;59.95164444;30.305925
322;60.030938;30.332834
323;59.849987;30.147362
324;59.809187;30.573567
325;60.039648;29.978748
326;59.90612;30.41831
327;59.96169167;30.48771111
328;60.032123;30.344453
329;59.95738901;30.49364123
330;59.84779258;30.26766855
331;59.995194;30.204428
332;60.046539;30.389639
333;60.061949;30.326128
334;60.035488;30.338305
335;60.02287653;30.28286715
336;59.78863448;30.14320506
337;59.72983454;30.40761154
338;60.030308;30.426459
339;60.031936;30.353893
340;59.876238;30.334329
341;60.02077;30.40564
342;59.928;30.4079
343;59.91039;29.76928
344;59.987313;30.3055
345;59.94142741;30.22615478
346;60.04841419;30.37750188
347;59.993144;29.755432
348;60.0134;30.34306667
349;59.9362;30.40812
350;59.94685278;30.41426111
351;59.999825;30.35334167
352;59.974496;30.390433
353;60.016811;30.32215
354;59.95771306;30.28988681
355;59.92982222;30.41538056
356;59.85226;30.09182
357;60.010126;30.409065
358;59.871626;30.478131
359;59.852;30.26542
360;59.9749632;30.37507098
361;60.00652;30.27125
362;59.83706;30.263631
363;59.946388;30.272312
364;59.759768;30.370871
365;59.833225;30.41850556
366;59.828985;30.220566
367;59.875845;30.446577
368;59.84538055;30.25178088
369;60.01108;30.32452
370;59.94922941;30.22456283
371;59.98001505;30.33718031
372;59.74157;30.58033
373;59.87489764;30.36512715
374;59.73222;30.56713
375;59.927212;30.38035
376;59.72404;30.40995
377;59.923553;30.455106
378;59.99756667;30.36191389
379;59.9866;30.35628
380;59.88315503;29.88910383
381;59.681957;30.464603
382;59.85211513;30.31279139
383;59.89746111;30.31900833
384;60.053277;30.356616
385;59.859735;30.247314
386;59.88321804;30.42489189
387;59.95447644;30.36369166
388;59.9174;30.31962
389;59.83995;30.2376
390;59.732346;30.086852
391;59.73791846;30.40678025
392;59.877792;29.895598
393;59.935826;30.355497
394;60.01871389;30.41674167
395;59.85095499;30.40009367
396;59.95555;30.35286
397;59.98716;30.30454
398;60.02489;30.38282
399;59.844831;30.42122
400;59.74219573;30.61711044
401;59.95428355;30.29032931
402;59.83810806;30.31076943
403;59.832158;30.306151
404;59.730741;30.60645
405;59.874889;30.388382
406;59.74061168;30.59132903
407;60.05580811;30.32243664
408;59.74840034;30.59699827
409;59.88142042;30.42606292
410;59.948306;30.240812
411;59.94678;30.38452
412;59.843397;30.356619
413;59.875904;30.31284
414;59.93869255;30.26308097
415;59.931427;30.382905
416;59.86292853;30.47541184
417;59.9292;30.3722
418;60.18009;29.459002
419;60.003688;30.398759
420;59.93913;30.36063
421;60.052455;30.383495
422;59.85975;30.22875
423;59.99724;30.19315
424;59.863;30.191768
425;59.84485;30.33017778
426;59.83368157;30.5149012
427;59.847705;30.175688
428;59.85777223;30.32071795
429;59.91745;29.77025
430;59.9365;30.5038
431;60.046119;30.33775
432;59.698686;30.784507
433;59.918078;30.452464
434;59.721674;30.432076
435;59.98599;30.35844
436;59.8136182;30.17326581
437;60.000017;30.23454
438;59.830861;30.379361
439;59.765774;30.596259
440;59.864871;30.305561
441;60.01721;30.011084
442;59.848613;30.292069
443;59.90053172;30.40273432
444;59.9885;30.334595
445;59.75777852;30.10924192
446;59.74083334;30.60219444
447;59.916266;30.316955
448;59.838724;30.260746
449;59.75219444;30.31811112
450;59.95503;30.36709
451;59.9177;30.31825
452;60.182491;29.500909
453;60.015935;30.270225
454;59.88031;29.908
455;59.931605;30.383141
456;60.008691;30.247177
457;59.94689;30.389458
458;59.988985;30.459903
459;60.051349;30.31497
460;60.05067788;30.443201
461;59.85168342;30.26838472
462;59.83043732;30.50086447
463;59.82941085;30.37715474
464;59.9167248;30.31887691
465;59.9663077;30.31140705
466;59.968792;30.340701
467;59.85436;30.20989
468;59.94457501;30.3596529
469;59.92234221;30.33576858
470;59.915445;30.34794
471;59.92949009;30.36092419
472;60.04240278;30.38601111
473;60.00771417;30.40270506
474;59.9349809;30.33049443
475;60.023026;30.281067
476;59.8945;30.43727
477;59.914673;30.351314
478;59.933522;30.436879
479;59.735578;30.578181
480;59.82792;30.39637
481;60.000137;30.329257
482;59.86599;30.32071
483;59.94453405;30.28701005
484;60.04154;30.357899
485;60.00996;30.214977
486;59.85428;30.24277
487;59.944917;30.477274
488;59.86351752;30.46925546
489;60.00707;30.25773
490;59.995177;30.406144
491;59.85990556;30.21505833
492;59.83294;30.19624
493;60.03531389;30.42118333
494;59.737346;30.569748
495;60.002207;30.246327
496;59.83347;30.19403
497;59.735129;30.611064
498;59.83911;30.4131
499;59.84806;30.48312
500;59.87146013;30.38095561
501;59.93940275;30.50237294
502;59.73791842;30.62269681
503;59.948413;30.232594
504;59.72247;30.427739
505;59.74944;30.604659
506;60.05298176;30.32945316
507;60.008803;30.262098
508;59.989945;30.254598
509;59.93277778;30.44055556
510;59.835382;30.365975
511;60.01315556;30.397275
512;59.92137778;30.49245278
513;60.017617;30.36729
514;60.033795;30.393698
515;60.003319;30.296894
516;59.99858333;30.36157778
517;59.86651633;30.41457422
518;60.04746111;30.36159167
519;59.95270354;30.47692645
520;60.00218;30.24533
521;59.91435503;30.35016684
522;60.073256;30.232137
523;59.98150833;30.32808611
524;59.929125;30.249777
525;60.025359;30.229626
526;60.01269526;30.39862578
527;59.88485;30.48675556
528;59.96293032;30.37986247
529;59.8707;30.3784
530;59.85172889;30.29883059
531;59.890491;30.360125
532;59.844366;30.33893
533;60.04753;30.36073
534;59.944699;30.38669
535;60.03453056;30.32862222
536;59.93186389;30.24076111
537;59.93365833;30.43738056
538;59.806022;30.373757
539;59.9692;30.50336
540;59.726813;30.423556
541;59.914789;30.278653
542;59.8453;30.2509
543;59.84635;30.17881
544;59.8331;30.2052
545;60.0092;30.3695
546;60.030715;30.427287
547;59.99234;30.202641
548;59.94866608;30.46194949
549;59.86064;30.34914
550;59.85900701;30.18921622
551;59.95556667;30.35361667
552;60.04897;30.35365
553;59.87429444;30.38771389
554;59.848348;30.387647
555;59.880055;30.462105
556;59.95339;30.42254
557;59.91621;30.47416
558;59.864723;30.322137
559;59.87127;30.3055
560;60.00624444;30.43641944
561;59.83711667;30.38831944
562;59.943717;30.376575
563;59.89677302;30.42298301
564;59.85196316;30.25519546
565;59.94057;30.30308
566;59.87819616;30.44126841
567;59.83815;30.41366
568;59.82665633;30.4085941
569;60.047235;30.361465
570;59.94881988;30.23237471
571;59.9384;30.2335
572;59.848717;30.217295
573;59.964146;30.311142
574;59.87067518;30.44077679
575;59.85028745;30.20777847
576;59.923092;30.483603
577;60.05510833;30.34478889
578;59.85573162;30.22741426
579;60.00984;30.213448
580;59.8417;30.48885
581;59.86953123;30.24781537
582;59.95302;30.43596
583;59.87315;30.43634
584;59.844752;30.330428
585;59.72264494;30.07278949
586;59.87333333;29.86111111
587;59.95109315;30.47057348
588;60.00675;30.35441944
589;59.943042;30.231072
590;59.685955;30.431897
591;59.96657908;30.31065349
592;60.005097;30.282081
593;59.85871;30.25269
594;59.86823;30.38325
595;59.88451305;30.48609846
596;59.840893;30.129864
597;59.986744;30.425386
598;59.98162;30.34364
599;59.85942;30.241
600;59.84607778;30.19819722
601;59.95334;30.42141
602;59.85274444;30.19955
603;59.90082222;30.48852778
604;59.89439735;30.33000707
605;59.85242;30.256369
606;60.0484;30.35345
607;59.8526;30.3831
608;59.84939;30.06687
609;59.91436;30.44724
610;60.040849;30.392836
611;59.979958;30.420638
612;60.0088;30.2613
613;60.043558;30.380696
614;59.83848;30.33879
615;59.96656065;30.31093394
616;59.959454;30.43776
617;60.033411;30.432563
618;59.85208;30.22322
619;60.057669;30.346767
620;59.96262934;30.46276899
621;59.984417;30.2775
622;60.035068;30.421113
623;59.86094137;30.30534352
624;59.85299643;30.10305204
625;59.83299627;30.16644448
626;60.03722222;30.41182222
627;59.83503112;30.22342629
628;59.8941;30.2755
629;59.855012;30.39653
630;60.03806;30.406487
631;59.87093;30.3805
632;60.01071;30.408053
633;59.87175;30.37942
634;59.84837;30.22743
635;59.916008;30.298677
636;59.73558334;30.41225001
637;59.84336;30.48431
638;59.90903297;30.24878183
639;59.99955088;30.38429976
640;60.07847224;30.24663889
641;59.85067;30.19769
642;59.96654293;30.48478979
643;59.876766;30.252033
644;60.03689166;30.41207156
645;60.05136111;30.34238611
646;59.8609;30.3054
647;60.05013;30.393001
648;59.83233389;30.19354684
649;59.760243;30.37018
650;59.8734449;30.43827752
651;59.98803011;30.33355789
652;59.97115;30.38696
653;59.942606;30.381035
654;59.90907054;30.24210849
655;60.02426002;30.29905923
656;59.85954;30.2408
657;59.85985556;30.22166389
658;60.036271;30.322981
659;59.83533333;30.12818056
660;60.05680278;30.31522778
661;59.96839451;30.38451195
662;59.8622;30.4044
663;60.047175;30.367222
664;60.02707174;30.2747007
665;59.707017;30.404844
666;60.03413889;30.42659444
667;59.990704;30.243985
668;59.889916;30.270703
669;60.04448056;30.40260833
670;59.854375;30.209506
671;59.73006766;30.46396849
672;59.87621;30.31989
673;60.01642061;30.36940615
674;59.83280682;30.32006836
675;59.93841;30.28005
676;60.046734;30.366002
677;59.916;30.31607
678;59.93703;30.25781
679;59.8735;30.2751
680;60.03305556;30.38027778
681;59.88620584;30.42334228
682;59.939313;30.435229
683;59.96365278;30.38040278
684;59.8427;30.2455
685;59.827368;30.203824
686;59.850258;30.194496
687;59.785067;30.627792
688;59.85921443;30.25464664
689;60.022771;30.221004
690;59.84007;30.37763
691;59.98814146;30.31062561
692;60.11906;30.14719
693;59.83878;30.41282
694;59.96366;30.39812
695;60.170208;29.367031
696;59.9519;30.2972
697;59.84605;30.19636111
698;59.946498;30.50516
699;59.91010833;30.27569722
700;59.87589501;30.44657658
701;60.02215;30.43276
702;60.094558;29.971094
703;59.90713056;30.26266944
704;59.94881303;30.23169023
705;59.98651;30.300305
706;60.053589;30.329624
707;59.8775;30.396
708;59.8747507;30.38955962
709;60.00441667;30.43166667
710;60.04925278;30.35341667
711;59.91401913;30.45909929
712;59.948821;30.377546
713;59.92516849;30.31737981
714;59.941183;30.4084
715;60.058044;30.34799
716;59.94651831;30.21495319
717;60.007031;30.422403
718;59.83319363;30.21312383
719;60.00948889;30.393925
720;59.75027783;30.57033903
721;60.00812832;30.34068105
722;59.85921443;30.37707177
723;59.96436112;30.29886112
724;59.835517;30.139585
725;59.859784;30.214484
726;59.925259;30.289991
727;59.83818;30.41236
728;59.8592;30.3771
729;59.9350786;30.32916701
730;59.91181;30.40752
731;59.935275;30.34828333
732;59.708235;30.39019
733;59.8278;30.39855
734;59.774158;30.674987
735;59.96838;30.3942
736;59.93129;30.29307
737;59.73811111;30.41088889
738;59.9343;30.2353
739;60.047231;30.390667
740;59.943066;30.413325
741;59.847779;30.387132
742;59.953137;30.430289
743;59.984509;30.517405
744;59.938375;30.244353
745;59.94105565;30.38019304
746;59.942637;30.345665
747;59.720074;30.424424
748;60.098661;29.973362
749;59.93699231;30.36013804
750;60.049306;30.353126
751;59.99985556;30.35266667
752;60.01643611;30.33785833
753;59.9332;30.3015
754;59.849;30.125015
755;59.8705058;29.91930686
756;59.74405577;30.59445496
757;59.9557;30.2347
758;59.84727;30.19699
759;59.88110035;30.31949324
760;59.98605;30.225577
761;59.98252556;30.41027232
762;59.91859;30.32346
763;59.87966683;30.26066843
764;60.03331667;30.43061389
765;59.94529929;30.41348739
766;59.83932419;30.17564993
767;59.853634;30.305051
768;60.02382;30.3194
769;59.9689;30.40873
770;59.86437;30.33776
771;59.98847;30.34053
772;60.00153915;30.31017188
773;59.879;30.2669
774;59.9424962;30.41416774
775;59.95073118;30.23294484
776;60.031765;30.355483
777;59.87914317;30.42965865
778;59.99915927;30.38362478
779;59.83322222;30.18266944
780;59.93856795;30.28134479
781;59.97418653;30.33953876
782;60.006468;30.390796
783;60.021133;30.263439
784;60.040561;30.34619
785;59.875492;30.4437
786;59.93163;30.47689
787;59.75161376;30.31677666
788;59.926459;30.414741
789;59.86073611;30.47048889
790;59.934333;30.308855
791;59.97478889;30.39051111
792;60.01718082;30.40204782
793;59.827155;30.198046
794;60.0081;30.3405
795;59.870931;30.379924
796;59.972947;30.30512
797;59.962675;30.40860833
798;59.87586;30.4464
799;59.8505;30.39505
800;59.777166;30.593646
801;59.93320256;30.40797129
802;59.90132793;30.39920624
803;59.97065;30.38449
804;60.01009781;30.39499169
805;59.95604444;30.46736667
806;59.87447238;29.92119636
807;59.843931;30.266433
808;60.04561389;30.33706944
809;59.992267;30.43422
810;59.8519;30.3156
811;59.89731;30.35408
812;60.016311;30.286934
813;59.989794;30.193903
814;60.01018;30.395
815;59.878903;30.32763
816;59.87905144;30.45633387
817;59.70375001;30.36997223
818;60.0226;30.37708
819;59.91003;30.31817
820;59.935769;30.494533
821;60.070847;30.39519
822;59.94941866;30.42110852
823;59.876;30.25439
824;60.02558;30.3664
825;59.95577778;30.371825
826;59.87236512;30.26568513
827;60.00829;30.362281
828;59.852;30.25522
829;60.0247214;30.39480803
830;59.984564;30.33227
831;59.724439;30.255058
832;60.02189;30.32963
833;60.03071558;30.33532887
834;60.00010259;30.26357043
835;59.928363;30.41198
836;59.89072222;30.36015556
837;59.772851;30.594118
838;60.02219;30.43263
839;59.84691;30.22018
840;59.98622;30.32366
841;60.0132;30.26503056
842;59.870057;30.440292
843;60.05063;30.34678
844;59.94564071;30.33161844
845;59.91991389;30.33998333
846;59.83572093;30.34340647
847;59.665417;30.527856
848;59.928427;30.460956
849;59.8595418;30.18787432
850;59.878927;30.373389
851;60.02174614;30.24327498
852;60.05626111;30.33750556
853;59.684652;30.433813
854;59.969011;30.247407
855;60.025271;30.411459
856;59.87955;30.35634
857;59.85633;30.350493
858;59.999238;30.282011
859;59.897193;30.354302
860;59.9676315;30.39416202
861;59.913325;30.477745
862;59.993301;30.502551
863;59.87884599;30.42984623
864;59.92405;30.48909
865;59.993669;29.776951
866;59.90857243;30.29289026
867;59.86627661;30.3615213
868;59.87935;29.91445
869;60.199307;29.705835
870;59.864438;30.306001
871;59.804137;30.38792
872;59.938725;30.360935
873;60.00283;30.24546
874;59.83498;30.32279
875;59.8452741;30.36601125
876;59.717046;30.405429
877;59.84221;30.4104
878;59.87315278;30.43647361
879;60.181893;29.500201
880;59.70730557;30.40547223
881;60.00584866;30.27426342
882;59.80827;30.38527
883;60.03187;30.32028
884;59.999937;30.22087
885;59.9655975;30.39953717
886;59.97563;30.426246
887;60.1023;29.974068
888;59.86099;30.4779
889;60.0174;30.36772
890;59.97461;30.4149
891;59.82537345;30.55227203
892;59.93310867;30.40753825
893;59.91025424;30.25151534
894;60.109442;30.252665
895;59.86442149;30.40041731
896;60.00605;30.32652
897;59.97225644;30.38066722
898;59.83226072;30.36200019
899;59.99975667;30.39441004
900;59.93194444;30.33027778
901;59.868887;29.849102
902;59.92694;30.24165
903;59.827262;30.514752
904;60.03758122;30.41180253
905;59.975312;30.324445
906;60.069619;30.372781
907;59.857098;30.198967
908;59.83909117;30.14694738
909;59.8414;30.31158
910;59.84589444;30.20404444
911;59.83027583;30.37673739
912;59.8394;30.3961
913;59.93552859;30.32693402
914;59.864826;30.400339
915;60.03572201;30.41797616
916;59.83288393;30.19641546
917;59.84160388;30.25398424
918;59.87918209;30.318912
919;59.98546075;30.30088092
920;59.85255839;30.34154083
921;59.93158493;30.36049575
922;59.98422;30.42675
923;59.99969174;30.29079735
924;59.92423899;30.38537251
925;59.97115896;30.34742656
926;59.85174444;30.25736944
927;59.82402139;30.1807505
928;60.03746;30.35963
929;59.726277;30.418427
930;59.88803889;30.36288056
931;59.99713;30.25535
932;59.92354026;30.38378897
933;59.93290278;30.3471
934;59.9969;30.36394
935;59.85944266;30.23371677
936;60.016902;30.401355
937;59.93557;30.27122
938;59.88834;30.32004
939;60.013093;30.3684
940;59.887227;30.268804
941;59.9282358;30.34633903
942;59.94118924;30.40840602
943;59.839748;30.259416
944;59.84185;30.48901
945;59.83430278;30.15736389
946;59.92405;30.33687
947;60.03512;30.419622
948;59.827917;30.189287
949;60.02703186;30.23646254
950;59.83343;30.16578
951;59.9454;30.4973
952;60.00575833;30.24717778
953;59.85064;30.20735
954;59.87830119;30.3988464
955;59.8718;30.3817
956;59.842216;30.254623
957;59.92861;30.409103
958;59.838267;30.128202
959;59.74868;30.53681
960;59.834775;30.15560278
961;60.05325278;30.33513333
962;59.987447;29.771383
963;59.84709;30.14572
964;59.94860921;30.23072726
965;59.888599;30.420604
966;59.85177;30.24801
967;60.027618;30.234756
968;60.04443632;30.32131515
969;59.851948;30.199093
970;60.008945;30.261151
971;59.85178419;30.22693188
972;59.94074092;30.37900864
973;59.92090278;30.32886944
974;59.692958;30.432794
975;59.986806;30.304198
976;60.003089;30.296991
977;59.74497;30.56048
978;59.78617764;30.14072576
979;59.94424712;30.38794773
980;59.730336;30.423207
981;60.01713268;30.38663323
982;59.94392839;30.36212421
983;59.93852872;30.23339719
984;59.94245;30.34872
985;59.854712;30.124838
986;59.985257;30.334633
987;59.93712214;30.25760419
988;59.93539;30.32484
989;60.045382;30.372945
990;59.753384;30.552211
991;59.969221;30.342506
992;59.84343;30.35656
993;59.80542;30.38765
994;59.85893;30.18955
995;60.02976;30.36509
996;59.84817417;30.38561273
997;59.91978511;30.47152864
998;59.995115;30.207778
999;59.98506345;30.34097769
1000;60.03575803;30.41950183
1001;59.837781;30.232154
1002;60.011423;29.72585
1003;59.84143;30.146677
1004;59.85196371;30.33170118
1005;60.04147164;30.41472779
1006;60.043666;30.381154
1007;60.02672044;30.42291916
1008;60.00221944;30.35987222
1009;59.84805278;30.35451944
1010;59.74943;30.55063
1011;60.02537778;30.36615278
1012;59.859355;30.248737
1013;59.84873794;30.38655274
1014;59.91598333;30.49735278
1015;60.027274;30.267723
1016;59.85006;30.1975
1017;60.00160833;30.34084444
1018;59.84572;30.21082
1019;59.8676;30.37001
1020;59.758373;30.549653
1021;59.89294977;30.32305428
1022;59.907988;30.464913
1023;59.9437;30.3761
1024;60.01670486;30.28161389
1025;59.86501;30.46921
1026;59.98510774;30.34430638
1027;59.89177222;30.490375
1028;60.061265;30.326373
1029;59.91747778;30.49610278
1030;59.9385;30.3749
1031;59.8891;30.27672
1032;59.94929426;30.48196918
1033;59.85175;30.29886
1034;59.86781;30.37156
1035;59.87128333;30.25618611
1036;60.000013;30.298662
1037;59.9547123;30.23520245
1038;59.85179;30.24049
1039;59.9302149;30.41121467
1040;59.737328;30.405883
1041;59.751056;30.075996
1042;60.075624;30.341099
1043;59.8568;30.3793
1044;59.840787;30.271705
1045;59.8733;30.40455
1046;59.83314722;30.19321944
1047;59.877857;30.478424
1048;59.95285556;30.41504167
1049;60.017748;30.315365
1050;59.83482732;30.31995441
1051;60.03835278;30.40625556
1052;59.93334722;30.40766667
1053;59.87847;30.44938
1054;59.85611;30.37819
1055;59.954619;30.482799
1056;59.87230556;30.36716389
1057;60.0337191;30.39518405
1058;59.85336;30.3523
1059;59.85209;30.409491
1060;59.92234376;30.2935164
1061;59.92477;30.38793
1062;59.96234479;30.30421119
1063;59.780591;30.150055
1064;59.936607;30.258782
1065;60.02922182;30.21764973
1066;60.05301944;30.33260556
1067;59.85227;30.35233
1068;59.83073374;30.14672369
1069;59.88106297;30.47083259
1070;59.923575;30.33606667
1071;59.962689;30.408465
1072;59.89368448;30.27526284
1073;59.83867;30.35858
1074;59.8849335;30.31930921
1075;60.00720833;30.26586944
1076;59.8486;30.22765
1077;59.88437222;30.31975
1078;59.94775278;30.41425556
1079;59.835294;30.141023
1080;59.90494543;30.34311233
1081;59.875472;30.306407
1082;59.991802;30.236344
1083;59.99368333;30.35884444
1084;59.957546;30.298426
1085;59.8526;30.3421
1086;60.05332;30.33362
1087;59.991314;30.197768
1088;59.87487778;30.37626944
1089;59.95813889;30.34137778
1090;60.03976389;30.42514444
1091;59.93555;30.49523
1092;60.004885;30.225417
1093;59.96416667;30.41931667
1094;59.94309;30.4133
1095;59.740553;30.393327
1096;59.95601667;30.35521667
1097;60.03246585;30.38493608
1098;60.05024722;30.31203333
1099;59.94241944;30.34830556
1100;59.85645556;30.20287778
1101;59.73551;30.61185
1102;59.986602;30.29893
1103;59.864549;30.445365
1104;60.00054444;30.34828889
1105;60.00225;30.43626667
1106;59.74081811;30.58758364
1107;59.9973;30.43743
1108;59.993549;30.43492
1109;60.01048333;30.26223056
1110;59.8557;30.20525
1111;59.9371;30.25747
1112;59.88939867;30.3199538
1113;59.997191;30.255328
1114;59.9386;30.2813
1115;59.86031;30.34892
1116;60.03370113;30.37856859
1117;60.104069;30.248204
1118;60.05552538;30.36020993
1119;60.0509;30.341322
1120;60.051131;30.342205
1121;59.72007905;30.06134068
1122;59.94045762;30.30289363
1123;60.0006;30.36578
1124;59.87950416;30.31942833
1125;59.82965158;30.15633201
1126;59.834198;30.351094
1127;59.74399406;30.09743759
1128;60.015268;30.269604
1129;59.85638;30.38132
1130;60.023507;30.31939
1131;59.943486;30.275155
1132;59.89278056;30.41505278
1133;59.891532;30.318829
1134;59.90639444;30.35084444
1135;59.85331167;30.21528346
1136;59.99434;30.33142
1137;59.96114;30.32351
1138;59.88308862;30.36755095
1139;59.95350014;30.42092207
1140;59.83907443;30.4988252
1141;59.83319574;30.20365975
1142;59.94324;30.27875
1143;60.04419;30.3154
1144;59.87251111;30.36728611
1145;59.85091;30.32333
1146;59.87506564;30.31974097
1147;60.049271;30.35477
1148;59.83367778;30.34746111
1149;59.92548467;30.37964221
1150;59.90496538;30.36341728
1151;59.9884;30.33451
1152;59.73786379;30.39999895
1153;60.050237;30.369253
1154;59.86926559;30.4098745
1155;59.858468;30.155152
1156;59.875367;30.443404
1157;59.88751944;30.36315833
1158;59.99436413;30.39251157
1159;59.84848611;30.38729444
1160;59.848148;30.354495
1161;60.01076849;30.26306816
1162;59.875575;30.36412778
1163;59.887371;30.422451
1164;59.85864167;30.39011667
1165;59.99763;29.766467
1166;59.8603;30.3766
1167;59.8789;30.3289
1168;59.999774;30.362941
1169;60.04693595;30.40432976
1170;60.00988;30.42687
1171;59.8319;30.40367
1172;59.99121;30.35234
1173;59.87941;30.44738
1174;59.96128;30.30784
1175;60.04137;30.33991
1176;59.91256;30.44045
1177;59.963584;30.409167
1178;59.861016;30.181589
1179;60.00008333;30.32890556
1180;60.056532;30.338221
1181;60.032549;30.251115
1182;59.84218;30.24993
1183;59.966676;30.3132
1184;59.8487247;30.31505032
1185;59.841499;30.332438
1186;59.72337;30.42847
1187;59.876107;30.323605
1188;59.881489;30.436463
1189;59.87920556;30.26066667
1190;59.999833;30.36325
1191;59.84238889;30.35660833
1192;59.996454;30.37945
1193;60.013179;30.267912
1194;59.86271389;30.40283611
1195;59.7418;30.57037
1196;59.9105;30.4788
1197;59.95762205;30.43800919
1198;59.98434;30.3361
1199;59.85969214;30.24055356
1200;59.710647;30.401359
1201;60.016112;30.258997
1202;59.93220955;30.30947993
1203;59.867348;30.370837
1204;60.01358946;30.32376678
1205;59.88365;30.47991
1206;59.92607179;30.35800521
1207;59.95553543;30.37093962
1208;59.84393;30.33043
1209;59.95475;30.32688
1210;60.031588;30.286079
1211;59.87217;30.32061
1212;59.750034;30.602873
1213;59.93742;30.50392
1214;59.84384;30.31536
1215;59.89781948;30.35726073
1216;59.833921;30.347456
1217;59.947557;30.474475
1218;59.94895854;30.21566996
1219;60.01728;30.40215
1220;59.947824;30.476319
1221;59.740582;30.471287
1222;59.876281;30.338038
1223;59.99446667;30.3551
1224;60.008233;30.266272
1225;60.030217;30.41478
1226;59.96719618;30.48309341
1227;59.931334;30.477018
1228;59.8549;30.20850833
1229;59.90683;30.34862
1230;59.93615477;30.40807138
1231;59.84192827;30.17526601
1232;59.996689;30.255129
1233;59.951567;30.292622
1234;59.83266682;30.51799571
1235;59.85934;30.3941
1236;59.735092;30.578781
1237;59.92474167;30.35115833
1238;59.95478056;30.30779167
1239;59.833168;30.196361
1240;59.667508;30.419865
1241;59.944534;30.342693
1242;59.9042;30.3189
1243;59.897818;29.76737
1244;59.945751;30.477756
1245;59.87215239;30.35709009
1246;59.848032;30.297643
1247;60.058056;30.347833
1248;59.88173;30.27038
1249;59.82874;30.38644
1250;60.013169;30.264811
1251;59.703725;30.359634
1252;59.90147;30.27262
1253;59.94618889;30.21411667
1254;59.91604;30.31757
1255;59.937013;30.313915
1256;60.04461;30.417299
1257;59.90759444;30.29902222
1258;59.93348;30.26334
1259;59.852672;30.239568
1260;59.94491;30.48563
1261;59.94905663;30.462595
1262;59.92383;30.44583
1263;59.98564978;30.34971803
1264;59.83687;30.38963
1265;59.87078611;30.393175
1266;60.00394167;30.29789444
1267;59.88366084;30.47991792
1268;60.071407;30.233645
1269;59.89072231;30.43024215
1270;60.03046618;30.33023898
1271;59.92883437;30.30814076
1272;59.967442;30.482999
1273;59.8355348;30.17541387
1274;59.72304131;30.4278831
1275;59.860279;30.212338
1276;59.847864;30.142024
1277;59.617499;30.387259
1278;59.95534673;30.46703823
1279;59.985067;30.3406
1280;59.86488;30.3055
1281;59.88063938;29.9041384
1282;60.00195556;30.307125
1283;59.95838212;30.47600818
1284;59.9573779;30.33245583
1285;59.958813;30.410723
1286;60.04457;30.37377
1287;59.85408;30.13948
1288;59.952002;30.297192
1289;59.74545;30.594451
1290;59.90091;30.27447
1291;60.023094;30.401584
1292;59.9465;30.215
1293;59.8605;30.305
1294;59.98528333;30.42696667
1295;59.87517;30.319758
1296;59.97794626;30.3674489
1297;59.979401;30.299787
1298;59.92495;30.38815
1299;59.96387;30.31205
1300;59.93452;30.24888
1301;59.91593;30.31044
1302;59.966192;30.313251
1303;59.953183;30.435886
1304;59.916088;30.317078
1305;59.708419;30.389417
1306;59.81011113;30.31841666
1307;60.05675632;30.31521502
1308;59.95859444;30.477475
1309;59.94501;30.4858
1310;59.99664523;30.3236035
1311;59.97159;30.385265
1312;59.85526667;30.47783056
1313;59.871264;30.305352
1314;59.860697;30.468711
1315;59.95781944;30.33382222
1316;59.966728;30.457455
1317;59.84676;30.22009
1318;59.809743;30.308694
1319;59.76502889;30.46655477
1320;60.01718419;30.36778674
1321;59.955659;30.305732
1322;60.06799381;30.2959534
1323;59.837549;30.332308
1324;59.96267574;30.46402523
1325;59.92813892;30.32077794
1326;59.87758686;29.9018935
1327;59.95898333;30.41563611
1328;59.99827;30.233556
1329;59.874455;30.261841
1330;59.87482512;29.83814287
1331;59.89508333;30.49124722
1332;60.111078;30.268125
1333;59.98305798;30.40856702
1334;59.92330214;30.29799807
1335;59.8568;30.3052
1336;60.0194;30.369269
1337;60.145747;30.269694
1338;59.986342;29.782489
1339;59.801408;30.376504
1340;59.874139;30.479017
1341;59.9095157;30.40252144
1342;60.05194588;30.3784083
1343;60.001307;29.767927
1344;59.87842072;30.45865731
1345;60.06488;30.30217
1346;59.86729206;30.26113277
1347;59.91714036;30.27965392
1348;59.911325;30.34801944
1349;60.00992232;30.2958142
1350;59.93159187;30.3551422
1351;59.85412;30.24272
1352;60.03503633;30.41849942
1353;59.83627;30.50716
1354;59.9427134;30.27830514
1355;59.8516795;30.26995935
1356;59.90742794;30.29978583
1357;59.83799689;30.50035572
1358;59.91021306;30.4626593
1359;59.87341085;30.40426299
1360;60.00886375;30.37060238
1361;59.73950749;30.09120619
1362;59.84651944;30.37964167
1363;59.84981809;30.32186869
1364;59.85773;30.19512
1365;59.88422906;30.36924168
1366;59.93599439;30.3150598
1367;59.94797208;30.22476122
1368;60.04059167;30.37018333
1369;59.74969651;30.61200189
1370;59.94521111;30.484025
1371;59.973799;30.389443
1372;60.01100556;30.28411389
1373;59.95856306;30.35496945
1374;60.00193988;30.29787606
1375;59.89624455;30.35733791
1376;60.03745;30.35922
1377;60.03841;30.40556
1378;59.95402;30.4818
1379;59.833682;30.351735
1380;59.99745;30.37201667
1381;59.82779651;30.32311536
1382;59.741993;30.568643
1383;59.88595;30.2744
1384;59.931769;30.240834
1385;59.8549;30.37
1386;59.8527;30.2229
1387;60.020879;30.320461
1388;60.035735;30.342758
1389;60.00797964;30.24962284
1390;60.020305;30.404891
1391;60.02545;30.36594
1392;59.96813761;30.38461504
1393;59.902757;30.48676
1394;60.052656;30.35683
1395;60.04460278;30.37556667
1396;59.98189;30.34329
1397;60.011379;30.279239
1398;60.01344111;30.39835401
1399;60.21812;30.29539
1400;60.016375;30.38101111
1401;60.022303;30.252324
1402;59.83313333;30.17395496
1403;59.85169968;30.25722883
1404;59.929126;30.476426
1405;59.85402;30.39773
1406;59.9789513;30.39410194
1407;60.074621;30.234793
1408;60.03273889;30.43281667
1409;60.0031;30.32626944
1410;60.00371389;30.38817778
1411;60.00723902;30.23697849
1412;59.83694;30.19873
1413;59.87191;30.32016
1414;59.960811;30.484164
1415;60.04741111;30.31355556
1416;59.97675556;30.34431389
1417;59.92922388;30.36032643
1418;59.916196;30.474118
1419;59.998442;30.27773
1420;59.9079372;30.29998616
1421;59.84537;30.21136
1422;60.039991;30.423946
1423;60.02005;30.40458333
1424;59.850463;30.18591801
1425;59.87426434;30.38773972
1426;59.993814;30.219303
1427;59.84632;30.4055
1428;59.89349575;30.41515778
1429;59.83666667;30.3875
1430;59.9359;30.4891
1431;60.063927;30.316346
1432;59.93809913;30.37491295
1433;59.95765;30.30197
1434;60.0177;30.43315
1435;59.93396;30.33893
1436;59.95270847;30.47749754
1437;60.04696944;30.33061667
1438;59.93963889;30.50450001
1439;59.70402985;30.40691566
1440;60.04346667;30.32801944
1441;59.87858;29.91998
1442;59.83474167;30.15613889
1443;59.91185278;30.49988056
1444;59.94138889;30.50194444
1445;59.92396006;30.38381008
1446;59.99902222;30.28338889
1447;59.891608;30.471717
1448;59.87685;30.25433
1449;59.954366;30.483649
1450;59.95959277;30.42181208
1451;59.98605556;30.36523889
1452;59.731176;30.611805
1453;59.8562;30.2562
1454;59.82957;30.38102
1455;59.82573;29.89104
1456;59.908717;30.491685
1457;60.00067222;30.3656
1458;59.939;30.2934
1459;60.05928736;30.32501586
1460;59.91088611;30.27603434
1461;60.00082;30.25694
1462;60.0066;30.42356
1463;60.02583611;30.32568611
1464;59.723359;30.428115
1465;59.92254145;30.30737452
1466;59.87968838;29.9104391
1467;60.07191;30.324798
1468;59.953244;30.414779
1469;60.054208;30.350876
1470;60.00302;30.33055
1471;60.004578;30.43112
1472;59.83121389;30.37815
1473;59.84029;30.23904
1474;59.85175311;30.30768329
1475;59.83563;30.14114
1476;59.98279;30.40893
1477;59.97159323;30.3876808
1478;59.90587;30.35255
1479;59.98678972;30.40206046
1480;59.87087233;30.37886293
1481;59.74985608;30.56379953
1482;59.91945;30.46943
1483;59.83323611;30.17669444
1484;59.8854521;30.42352405
1485;59.77401445;30.12624236
1486;60.00372;30.32658
1487;59.95383733;30.21854979
1488;59.98469;30.33684
1489;60.00534;30.280985
1490;60.0252;30.3658
1491;59.85392;30.2423
1492;59.9547;30.2352
1493;59.94544681;30.49714047
1494;59.91596;30.39888
1495;59.85083333;30.32277778
1496;59.8647;30.3732
1497;59.8414;30.2063
1498;60.027731;30.283644
1499;59.8521;30.3077
1500;59.96177778;30.48826667
1501;59.83935;30.33686
1502;59.75814076;30.10992697
1503;59.87616;30.33776
1504;60.00650269;30.25817191
1505;59.96793848;30.41184219
1506;59.92463056;30.41649444
1507;59.98495384;30.23369314
1508;59.796824;30.559158
1509;59.88009;30.31982
1510;59.98581;30.34184
1511;59.90866;29.78067
1512;59.99705;30.37263333
1513;59.84772;30.48249
1514;60.018797;30.41684
1515;59.790124;30.60059
1516;59.99912;30.38353
1517;59.87553;30.32018
1518;59.88364351;30.32021869
1519;59.961429;30.30805
1520;60.035613;30.246576
1521;59.94196258;30.33523633
1522;59.85499;30.32236
1523;59.87938;30.26779
1524;59.93434;30.24898
1525;60.01018;30.29019
1526;60.038662;30.405656
1527;59.95985944;30.43274281
1528;59.829208;30.385239
1529;60.055241;30.322768
1530;60.04178;30.385693
1531;59.93212631;30.23984623
1532;59.95407064;30.42210098
1533;59.93206111;30.43972778
1534;59.91831;30.42545
1535;59.90520086;30.27421495
1536;59.917;30.28308
1537;59.83484118;30.14652387
1538;59.993792;30.425339
1539;59.9564;30.2243
1540;60.030743;30.285283
1541;59.95553078;30.3216181
1542;59.951139;30.233306
1543;59.955913;30.373356
1544;59.9492;30.41432
1545;60.02681;30.43242
1546;59.86835;30.46373
1547;59.8669;30.4241
1548;59.86468;30.47012
1549;59.713829;30.426893
1550;59.9195;30.29454
1551;59.8766;30.2472
1552;59.87841;30.37292
1553;59.904846;30.21673
1554;59.92174584;30.30467
1555;60.00254886;30.29964927
1556;59.93256326;30.34942275
1557;59.89189;30.43959
1558;59.73268;30.40897
1559;60.010191;30.289954
1560;59.71796;30.410885
1561;59.82563;29.89127
1562;59.878917;30.372162
1563;60.026707;30.411202
1564;59.98949;30.43067
1565;60.00736;30.25709
1566;60.001343;29.76872
1567;59.93663333;30.40808333
1568;59.9383;30.2795
1569;59.997709;30.235062
1570;59.872638;29.891191
1571;59.85820725;30.39279966
1572;59.86442338;30.33610216
1573;59.83564;30.39994
1574;59.887925;30.363411
1575;59.89331566;30.47846317
1576;60.04864604;30.37837256
1577;60.02622;30.41134
1578;59.84136359;30.20630266
1579;59.85206944;30.28719444
1580;59.9086;29.78039
1581;59.95701;30.35578
1582;59.99714;30.36435
1583;59.937494;30.237939
1584;60.008175;30.265887
1585;59.84673833;30.1478711
1586;59.987482;30.214634
1587;59.991665;30.307996
1588;60.029544;30.365569
1589;59.87508;30.376543
1590;59.991714;29.78571
1591;59.829203;30.176096
1592;59.778814;30.64677
1593;59.8751;30.3057
1594;59.91591603;30.39891708
1595;59.938671;30.293711
1596;59.97471667;30.31672222
1597;60.010558;30.346266
1598;59.90174;30.35314
1599;60.078015;30.269407
1600;59.93330833;30.43429167
1601;59.997013;30.337402
1602;59.995845;29.766282
1603;59.72701602;30.45862141
1604;59.86464;30.34667
1605;59.835538;30.145884
1606;59.94287181;30.43514968
1607;60.04042321;30.34765019
1608;59.884559;30.36686
1609;59.93722222;30.47611111
1610;59.85968;30.23387
1611;59.8793;30.3203
1612;59.9396;30.2995
1613;59.99454175;30.31651103
1614;59.910887;30.355622
1615;59.812634;30.581909
1616;59.91314486;30.27613624
1617;59.75030869;30.58136841
1618;59.874452;29.855819
1619;59.88654073;30.43174994
1620;59.922625;30.41906389
1621;59.92834;30.34699
1622;60.0305;30.41555833
1623;59.72697224;30.41669445
1624;59.84173611;30.20544167
1625;59.992376;30.201652
1626;59.98841274;30.20394236
1627;59.912722;30.476736
1628;59.981474;30.327874
1629;59.83929;30.20183
1630;59.90875169;30.27094996
1631;60.044136;30.402045
1632;59.966447;30.300888
1633;59.847393;30.255623
1634;59.9294;30.2496
1635;60.00429969;30.25703411
1636;59.9644254;30.30967354
1637;60.028304;30.268368
1638;59.994056;30.3313
1639;59.90557101;30.31809701
1640;60.00276542;30.43662986
1641;59.87143;30.380956
1642;59.747414;30.587965
1643;59.94414119;30.38633295
1644;60.047803;30.360736
1645;59.87163611;30.25594722
1646;60.00395247;30.32940811
1647;59.85204;30.24049
1648;59.73426609;30.39425934
1649;59.92366;30.386764
1650;59.82983533;30.14637049
1651;59.949891;30.247067
1652;59.89626359;30.35775118
1653;59.9295567;30.27009514
1654;59.72008593;30.40936315
1655;59.9484;30.22462
1656;59.698686;30.784936
1657;59.9016;30.42564
1658;59.909532;30.251827
1659;59.90737134;30.34500509
1660;59.87476;30.37662
1661;59.966378;30.2985
1662;60.060683;30.317182
1663;59.86258056;30.472425
1664;59.94025278;30.34817222
1665;60.05324;30.333973
1666;59.98073333;30.50875556
1667;60.015893;30.306926
1668;60.00887222;30.247975
1669;59.715506;30.7797
1670;59.719158;30.08027
1671;59.92132042;30.30192048
1672;60.01518333;30.35814444
1673;59.850624;30.178328
1674;60.0076085;30.23523203
1675;60.03702;30.31975
1676;60.000424;30.262806
1677;59.8949;29.768263
1678;59.8658;30.32053
1679;59.99563628;30.38203828
1680;59.90818;30.44793
1681;59.732357;30.116302
1682;59.8534;30.3047
1683;59.96017293;30.44096095
1684;59.74886;30.5367
1685;59.95303048;30.49777983
1686;59.994513;30.331425
1687;59.915;30.4842
1688;59.93019;30.36736
1689;60.00265;30.2004
1690;59.832516;30.519319
1691;59.937;30.2336
1692;59.90168333;30.36453333
1693;60.01681381;30.33759317
1694;59.83543;30.50948
1695;60.058723;30.384949
1696;59.95341;30.41633
1697;59.919742;30.443137
1698;60.017181;30.280463
1699;59.867896;29.855733
1700;59.92786582;30.3211314
1701;59.83549;30.13947
1702;59.74455952;30.09861115
1703;59.8759;30.329459
1704;59.83835833;30.50115833
1705;59.87732;30.39801
1706;59.86695786;30.4861135
1707;59.87952;30.4614
1708;59.82378196;30.3233434
1709;59.97119722;30.31475833
1710;59.89405924;30.41366678
1711;59.803148;30.596618
1712;60.010825;30.409177
1713;59.70143;30.440658
1714;59.87772222;30.346125
1715;59.90247;30.48637
1716;59.87147;30.32042
1717;59.933175;30.23962778
1718;59.90095556;30.3999
1719;59.98212;30.413049
1720;59.80262;30.395458
1721;59.98548889;30.41115833
1722;59.9508;30.23305
1723;59.924286;30.48867
1724;59.915292;30.486068
1725;59.89929;29.77749
1726;59.84112;29.89826
1727;59.8775;29.92283
1728;60.01090556;30.40913611
1729;59.706372;30.377197
1730;59.932323;30.470812
1731;59.93531;30.32802
1732;59.93876528;30.31133139
1733;59.94350547;30.43554261
1734;60.0235428;30.28059367
1735;59.83642;29.87844
1736;59.93973988;30.21962728
1737;59.94002;30.36036
1738;60.02803985;30.40273954
1739;59.953002;30.438388
1740;59.95901164;30.42225587
1741;59.88347;30.26499
1742;59.775908;30.653787
1743;59.97375;30.39065
1744;60.040207;30.398008
1745;60.0093;30.221151
1746;60.023722;30.408194
1747;59.90519;30.47662
1748;59.85680556;30.17588333
1749;59.86985371;29.85806871
1750;59.87308639;29.90743866
1751;60.031517;30.28634
1752;60.00648137;30.35545334
1753;59.88323919;30.41686446
1754;60.03533;30.32898
1755;59.716677;30.415177
1756;59.87871245;29.91741633
1757;60.071746;30.240539
1758;59.95453889;30.36047222
1759;59.9345;30.332
1760;60.011282;30.404694
1761;59.74881075;30.49660765
1762;59.8382;30.35841
1763;59.705549;30.26963
1764;59.987431;30.314816
1765;59.860782;30.178647
1766;59.827193;30.205449
1767;59.95884994;30.47905591
1768;60.039984;30.241375
1769;59.83357246;30.19573613
1770;59.97503056;30.31738611
1771;60.1879;29.510307
1772;60.04996668;30.3481
1773;59.84203;30.130572
1774;60.007067;30.421916
1775;59.95;30.40997
1776;59.877433;30.384868
1777;59.690954;30.416417
1778;59.73340563;30.39405956
1779;60.035093;30.331203
1780;60.046733;30.270369
1781;59.88797;30.44195
1782;59.86638889;30.4525
1783;59.8612188;30.32052438
1784;59.96094;30.3164
1785;60.03524188;30.33825217
1786;59.709208;30.382969
1787;59.781119;30.631256
1788;59.9342;30.336936
1789;59.908878;30.494672
1790;59.732177;30.399964
1791;59.98589227;30.32463637
1792;59.912889;30.476583
1793;59.951468;30.472959
1794;59.944835;30.267044
1795;59.9417;30.4774
1796;59.83440661;30.32184954
1797;59.994327;29.764263
1798;60.02347;30.231342
1799;59.915973;30.31821
1800;59.778533;30.691225
1801;59.703866;30.784287
1802;59.9468;30.2305
1803;59.966858;30.393806
1804;59.93993056;30.34854722
1805;59.844378;30.365908
1806;59.828479;30.190917
1807;59.90697976;30.27527938
1808;60.009789;30.236167
1809;59.877296;29.860263
1810;59.772992;30.622029
1811;59.839;30.203
1812;59.91026701;30.35727801
1813;59.93311;30.33265
1814;59.94446313;30.50511338
1815;59.78144;30.12675
1816;59.762074;30.772877
1817;60.033546;30.45556
1818;59.946242;30.270767
1819;59.950691;30.266132
1820;59.94285;30.4189
1821;59.83331793;30.34914415
1822;59.94376146;30.28049267
1823;59.93609588;30.32149781
1824;59.84857251;30.4579788
1825;59.94855853;30.23444257
1826;59.94432052;30.30448353
1827;59.87041096;30.37897742
1828;59.74739;30.60056
1829;60.00249771;30.29662246
1830;60.025065;30.365694
1831;59.91467994;30.34973694
1832;59.86503833;30.47027591
1833;59.8945;30.2751
1834;60.03991;30.34758
1835;59.95630081;30.31899695
1836;60.04499;30.37326
1837;59.91810701;30.29018952
1838;59.92926;30.24973
1839;59.84108;30.246515
1840;59.92687274;30.31975594
1841;60.02691;30.43231
1842;59.83535278;30.13445833
1843;59.89093;30.360364
1844;60.00209854;30.35995103
1845;60.00469;30.43137
1846;60.04072;30.37009
1847;60.05061945;30.34688611
1848;59.87401466;30.38893211
1849;59.83295;30.17703889
1850;59.91948;30.46887
1851;59.94535556;30.49011667
1852;60.01193;30.36873
1853;59.89187;30.26176
1854;59.9512;30.50006
1855;59.84668;30.40485
1856;60.04882222;30.3549
1857;60.01250556;30.27025278
1858;59.79875;30.40418
1859;59.93753402;30.23601996
1860;60.04247;30.3353
1861;59.83325;30.21314
1862;59.94224365;30.28991224
1863;60.00399;30.28999
1864;60.017138;30.28046
1865;59.83248848;30.34941042
1866;60.0225;30.37631667
1867;60.005616;30.225143
1868;60.01841667;30.41669167
1869;60.0518;30.364374
1870;59.990863;30.25415
1871;59.75060587;30.57910121
1872;59.997486;30.437449
1873;59.93477;30.25034
1874;60.04232222;30.42655833
1875;59.93358563;30.33927569
1876;60.06253191;30.32174769
1877;59.85283554;30.35091872
1878;59.98535;30.34183
1879;60.04339943;30.32754671
1880;59.9263;30.343025
1881;59.83296667;30.18309722
1882;59.930732;30.464208
1883;60.005153;30.281136
1884;59.873023;30.267323
1885;59.89058;30.27093
1886;59.86459838;30.31295904
1887;59.90073333;30.45881944
1888;59.99541111;30.37966667
1889;59.945374;30.490149
1890;59.87605;30.33546
1891;60.016727;30.25002
1892;59.934541;30.248976
1893;59.85993;30.39171
1894;59.92189;30.47924
1895;60.02114085;30.24349744
1896;59.83308616;30.18183613
1897;59.86859;30.25689
1898;59.985497;30.226532
1899;59.708516;30.414038
1900;59.92724;30.465852
1901;60.00170556;30.33970278
1902;59.74105617;30.58116344
1903;59.99827;30.2444
1904;59.85512;30.33022
1905;60.067197;30.336598
1906;60.021611;30.329609
1907;59.94479722;30.47684167
1908;59.93406;30.23897
1909;59.7221389;30.41169445
1910;59.72448;30.08131
1911;59.819261;30.180025
1912;60.00602201;30.35494925
1913;59.83495;30.39976
1914;59.85965;30.15812
1915;59.913612;30.476546
1916;59.85928;30.25476
1917;59.984745;30.337136
1918;59.82951;30.373887
1919;60.03429;30.39475
1920;59.84456243;30.37414336
1921;59.85283;30.3502
1922;59.88;30.2629
1923;59.93326295;30.43427323
1924;59.86458722;30.37325955
1925;59.850721;30.322799
1926;60.00723637;30.26360111
1927;59.84497462;30.33816303
1928;59.835738;30.400028
1929;59.985143;30.411251
1930;59.94111725;30.27175624
1931;59.8311;30.38486
1932;59.88174722;30.46888611
1933;60.01143611;30.27917222
1934;60.03693;30.32323
1935;59.88465;30.320247
1936;59.776967;30.146144
1937;59.90284722;30.48656944
1938;59.93213;30.24014
1939;60.03945;30.39827
1940;59.874444;29.856111
1941;59.93432993;30.23902123
1942;59.97671;30.34457
1943;59.85622298;30.25619508
1944;60.03373333;30.39356667
1945;59.844567;30.391037
1946;59.913225;30.2977
1947;60.03646944;30.36636389
1948;59.83470556;30.156825
1949;59.851751;30.233098
1950;59.85347;30.32371
1951;59.866178;30.417181
1952;59.990908;30.217089
1953;59.983625;30.33272222
1954;59.94448;30.3863
1955;59.770206;30.593652
1956;59.93195556;30.24005
1957;60.03486916;30.34328844
1958;59.96095591;30.29121831
1959;59.85171826;30.24058569
1960;59.90898256;30.25703408
1961;60.0473022;30.31849428
1962;59.832497;30.350009
1963;60.03578;30.36596
1964;59.87584064;30.36562331
1965;60.01312778;30.26792778
1966;59.8517556;30.08092904
1967;60.0065445;30.27198336
1968;59.7479411;30.49764046
1969;59.785698;30.626471
1970;59.85876;30.25312
1971;59.932899;30.368603
1972;59.92999;30.367295
1973;60.027507;30.221964
1974;60.05529444;30.32263611
1975;59.828669;30.221275
1976;59.971363;30.259277
1977;59.87317;30.43633
1978;59.93401;30.37013
1979;59.90746;30.346574
1980;59.937564;30.234642
1981;59.9457;30.33151
1982;59.95992828;30.37603626
1983;60.055779;30.32127
1984;59.73821842;30.39387909
1985;60.00040278;30.365625
1986;59.83978707;30.49540422
1987;59.83411;30.5144
1988;60.072594;30.338824
1989;60.01251667;30.43423611
1990;59.9331;30.3689
1991;59.97995267;30.40573031
1992;59.90266469;30.46942901
1993;59.83789;30.23235
1994;59.864982;30.18385
1995;59.842729;30.245554
1996;59.99455556;30.31642778
1997;60.03564;30.36583
1998;59.94266179;30.39344804
1999;59.99911389;30.27157778
2000;59.89882;30.4301
2001;59.95994391;30.43018388
2002;59.91626;30.45593
2003;59.98937503;30.25592501
2004;60.0016931;30.25612891
2005;59.8329;30.41791
2006;59.816366;30.573929
2007;59.9134166;30.45937184
2008;59.99494722;30.31806944
2009;59.94883;30.23194
2010;59.83244;30.3603
2011;60.019059;30.257646
2012;59.8666;30.4145
2013;59.92545435;30.31503872
2014;59.9591;30.42228
2015;59.889615;30.430627
2016;60.0373;30.3595
2017;59.95282447;30.42167276
2018;59.83569603;30.38000311
2019;59.93886111;30.26373889
2020;59.907956;30.345784
2021;59.914244;30.349897
2022;60.0107;30.28484167
2023;59.94833175;30.23071157
2024;59.732701;30.606647
2025;60.00631389;30.27221111
2026;60.01483;30.38981
2027;60.002708;30.195978
2028;59.970974;30.306585
2029;60.049455;30.392089
2030;59.87624722;30.25379444
2031;59.844262;30.330935
2032;59.91221;30.43989
2033;59.82531112;30.14739231
2034;59.84284642;30.17559598
2035;59.93148;30.4246
2036;60.024093;30.274881
2037;59.90770109;30.35557466
2038;59.8677;30.2607
2039;59.942051;30.276247
2040;59.96498333;30.41826667
2041;60.00403;30.38875
2042;60.028941;30.302609
2043;59.99813333;30.36665
2044;59.92811527;30.37236116
2045;60.03784;30.35855
2046;59.85171;30.27944
2047;59.884862;30.486578
2048;59.85218142;30.33891211
2049;59.868477;30.451055
2050;60.026324;30.244829
2051;59.93350398;30.26350599
2052;59.94564071;30.49114021
2053;59.941047;30.223475
2054;60.03483333;30.41925833
2055;59.860775;30.450411
2056;59.88521;30.319311
2057;59.86215;30.388884
2058;60.05778;30.34692
2059;59.87635;30.26465
2060;59.99024;30.2543
2061;60.05037;30.34674
2062;60.00546667;30.32694167
2063;59.8628;30.17247
2064;59.85789274;30.17676911
2065;60.031208;30.34527
2066;59.92079;30.35432
2067;60.192839;29.519148
2068;59.87723333;30.25958611
2069;59.78159741;30.1352664
2070;59.83404864;30.38049539
2071;59.97899722;30.39411944
2072;59.85250839;30.33085492
2073;59.831624;30.412881
2074;59.749352;30.612032
2075;59.91601667;30.49746944
2076;60.02490601;30.38234361
2077;59.92393333;30.49006111
2078;59.99971;30.2905
2079;59.84119253;30.1579379
2080;60.0019;30.2562
2081;59.872437;29.914041
2082;59.89698333;30.46088333
2083;59.870926;30.440022
2084;59.872029;30.305877
2085;59.99447676;30.41088554
2086;59.799652;30.273457
2087;59.97124;30.298426
2088;59.935581;30.31697
2089;60.026474;30.411599
2090;59.96463;30.3675
2091;59.835299;30.134387
2092;59.97037;30.42232
2093;59.73983592;30.62005679
2094;60.00697778;30.2671
2095;60.03246944;30.4326
2096;60.00686967;30.35410757
2097;59.986165;30.355351
2098;59.83451;30.35922
2099;59.992074;30.434078
2100;59.899113;30.472807
2101;59.8421;30.3931
2102;60.000947;30.255315
2103;59.95375;30.49744676
2104;60.01277778;30.34355
2105;59.933;30.3766
2106;59.849;30.3864
2107;60.02338889;30.40751667
2108;60.01196;30.3675
2109;59.693884;29.933678
2110;59.74993;30.56159
2111;59.84278159;30.32021544
2112;59.82902294;30.34890482
2113;59.86213;30.16262
2114;60.045928;30.395325
2115;59.851508;30.400779
2116;59.94883056;30.30195556
2117;60.00540278;30.33261667
2118;59.9346;30.3784
2119;59.91704;30.28272
2120;59.966164;30.298141
2121;59.99930576;30.23410131
2122;59.85547473;30.3800251
2123;59.86389167;30.47324722
2124;59.964495;30.29812081
2125;59.868677;30.370137
2126;59.87855778;29.8643658
2127;59.94375525;30.36162519
2128;59.94586968;30.28570971
2129;59.97079444;30.31407778
2130;60.00388931;30.28935603
2131;59.89373056;30.4623
2132;59.86027222;30.47101667
2133;59.83904444;30.20180556
2134;60.00477;30.327343
2135;59.76051;30.5984
2136;59.955811;30.465977
2137;60.02759849;30.4240483
2138;59.732354;30.339065
2139;59.908685;30.490322
2140;59.93591667;30.40756389
2141;59.9629;30.40955
2142;59.932474;30.264137
2143;59.92072458;30.28627204
2144;59.86984755;30.27080023
2145;59.853764;30.396976
2146;60.042703;30.385948
2147;59.8432;30.4841
2148;59.88185175;29.89579071
2149;60.042608;30.386893
2150;59.927773;30.43244
2151;59.9367;30.4816
2152;59.97107;30.3207
2153;59.99785796;30.36597684
2154;60.05349;30.335759
2155;59.8439869;30.16748902
2156;59.89057;30.31908
2157;59.73717107;30.3937023
2158;59.87167196;30.35699456
2159;59.99490151;30.31805862
2160;59.8737;30.2589
2161;59.835313;30.128035
2162;59.85038859;30.19312681
2163;59.99416;30.35968
2164;59.816013;30.574549
2165;59.80081821;30.63748059
2166;59.74307;30.61674
2167;59.8332;30.2033
2168;60.0242;30.2357
2169;59.74722;30.61256
2170;59.92825129;30.24621161
2171;59.92365422;30.31072288
2172;59.80312998;30.32358139
2173;59.948295;30.436528
2174;59.966467;30.287708
2175;59.99668;30.38144
2176;59.741466;30.568954
2177;59.998465;30.229127
2178;59.96815;30.41145
2179;59.82553;30.14556
2180;60.00875433;30.25862217
2181;59.96783;30.36597
2182;60.020676;30.264325
2183;59.85177;30.30792
2184;59.87505833;30.38805833
2185;59.916903;30.401242
2186;59.88549055;30.43183219
2187;59.962163;30.283349
2188;59.83108428;30.38518365
2189;59.853748;30.19227
2190;59.86796;30.2683
2191;59.780056;30.104363
2192;59.864599;30.386499
2193;59.958289;30.279141
2194;60.041966;30.415531
2195;60.01336;30.397121
2196;59.9292;30.4138
2197;59.865145;30.468938
2198;59.932267;30.354124
2199;59.91248;30.39751
2200;59.74211;30.08497
2201;59.97119;30.34842
2202;59.77083568;30.3328079
2203;59.918183;30.42625
2204;59.80812;30.57516
2205;59.747338;30.599316
2206;60.0063;30.424133
2207;59.948941;30.367158
2208;60.037924;30.358204
2209;59.86828889;30.39616389
2210;60.008114;30.36943
2211;59.87594;30.319
2212;60.0466087;30.39063118
2213;60.001479;30.254861
2214;59.954258;30.410337
2215;59.850565;30.307763
2216;59.87833179;30.37154709
2217;59.93420431;30.38055599
2218;59.94347;30.306623
2219;59.857734;30.174417
2220;60.00495937;30.25781298
2221;60.03573823;30.34393811
2222;59.93379702;30.33432298
2223;59.878275;30.33624167
2224;59.914185;30.448008
2225;59.843818;30.323296
2226;59.881663;30.37977
2227;59.82982;30.40647
2228;59.70086125;29.97577645
2229;60.1098;30.253333
2230;59.96025556;30.48285833
2231;59.95987;30.37593
2232;59.936734;30.481542
2233;59.85839;30.32095
2234;59.84027;30.49467
2235;59.7124;30.41057
2236;59.93194543;30.29159021
2237;59.96190192;30.30487164
2238;59.807543;30.589553
2239;59.9798131;30.42216787
2240;59.938622;30.244074
2241;60.093494;29.961137
2242;59.99344;30.4349
2243;59.99699837;30.37265142
2244;60.04483931;30.32021498
2245;60.034924;30.327818
2246;59.8518;30.2232
2247;59.79713;30.60485
2248;59.802714;30.383842
2249;59.875906;30.263878
2250;59.95960556;30.41551944
2251;59.95917609;30.41642328
2252;59.717852;30.411175
2253;60.070109;30.327872
2254;60.016558;30.311421
2255;59.91218485;30.27715905
2256;59.73228;30.086886
2257;59.92517443;30.38117972
2258;59.993184;30.192992
2259;59.847876;30.31217
2260;59.701383;30.398981
2261;59.94893943;30.21812886
2262;59.95077136;30.50010902
2263;59.85052685;30.36358811
2264;59.83845564;30.14665626
2265;59.983604;30.36256
2266;59.887371;30.422448
2267;59.91707924;30.39976724
2268;59.780855;30.639453
2269;59.91072;29.76346
2270;59.91191;30.43975
2271;60.00542;30.44788
2272;60.008805;30.225402
2273;59.8981;30.3186
2274;59.75607;29.70887
2275;60.070111;30.37253
2276;59.711553;30.410993
2277;59.95314;30.43781
2278;59.865048;29.92489
2279;59.811372;30.379772
2280;59.84140986;30.40977158
2281;59.793083;30.611152
2282;59.805913;30.308783
2283;59.9426;30.3808
2284;60.193223;29.663708
2285;59.716166;30.420671
2286;59.800993;30.522804
2287;59.86602778;30.42288889
2288;59.827826;30.214102
2289;59.84783;30.35428
2290;60.237625;29.695997
2291;59.91300324;30.26805978
2292;59.7169513;30.04744993
2293;59.99995833;30.28974444
2294;59.962449;30.321531
2295;60.01021;30.20312
2296;59.781384;30.593732
2297;59.853775;30.329473
2298;59.837172;29.94077
2299;59.990726;29.759974
2300;59.9307;30.2365
2301;59.684791;30.454739
2302;59.846577;30.159352
2303;59.8786;29.89373
2304;59.57295792;29.26811434
2305;60.031437;30.392572
2306;59.951404;30.293234
2307;59.943029;30.26094
2308;59.83486;30.425604
2309;59.73797223;30.40511112
2310;59.92561111;30.37993333
2311;60.013254;30.268866
2312;59.861276;29.955468
2313;60.0221418;30.39222284
2314;59.92656;30.38695
2315;59.93567;30.48488
2316;59.93750314;30.36051844
2317;59.87178;30.33212
2318;59.91595;30.30941
2319;59.880324;29.864128
2320;59.971116;30.291345
2321;59.85956;30.18824
2322;59.99383;30.19276
2323;59.703061;30.095521
2324;59.72542806;30.44936841
2325;59.89177005;30.3180182
2326;59.92647343;30.31826566
2327;59.895355;30.491846
2328;59.9073622;30.48304946
2329;59.81310019;30.38082251
2330;59.96628889;30.31323056
2331;59.85198056;30.27935
2332;60.03618;30.36542
2333;59.85961667;30.20586389
2334;60.06689722;30.30925556
2335;59.95819987;30.47816817
2336;59.99961344;30.36604116
2337;60.003882;30.440111
2338;59.90804;30.3458
2339;59.74198;30.56488
2340;59.86327356;30.44597753
2341;60.04881389;30.37735556
2342;59.83311111;30.1815
2343;59.88229722;30.469375
2344;60.00875;30.36948
2345;59.92082387;30.3549169
2346;59.97914335;30.33727169
2347;59.96355457;30.43755606
2348;59.8330518;30.20489471
2349;59.8561849;30.37865739
2350;60.01647;30.36944
2351;59.95169754;30.29197249
2352;59.83291;30.39191
2353;60.044557;30.401741
2354;60.05645833;30.33750833
2355;59.83335;30.34835
2356;60.047367;30.4066
2357;60.01139;30.24501
2358;60.00881903;30.25786568
2359;60.0212;30.2435
2360;60.04637778;30.36692222
2361;59.84508333;30.21068056
2362;59.82984;30.5388
2363;59.85686289;30.3791406
2364;59.8518;30.23281
2365;60.008473;30.227076
2366;59.95350556;30.41543889
2367;59.96384401;30.43796216
2368;59.88446;30.48587
2369;59.92036;30.32765
2370;60.05657393;30.3138742
2371;59.70336;30.37251
2372;60.004833;30.430852
2373;59.85041;30.395438
2374;59.88371078;30.47840069
2375;60.00804722;30.24836944
2376;59.88738763;30.36323232
2377;59.85096;30.23459
2378;59.736957;30.569673
2379;59.83906042;30.20314056
2380;59.860857;30.348983
2381;60.014479;30.412501
2382;59.83527778;30.36694444
2383;59.88253;30.46933
2384;59.83201196;30.50188642
2385;60.01300833;30.39815556
2386;60.05244;30.33664
2387;59.88027;30.32025
2388;59.902921;29.781366
2389;59.945157;30.213728
2390;59.880141;30.262753
2391;59.82391002;30.1788469
2392;59.87916;29.862422
2393;59.946009;30.502721
2394;59.862372;30.321228
2395;59.871881;30.379804
2396;60.03047;30.39272
2397;59.97526676;30.40131267
2398;59.684016;30.439035
2399;59.84710278;30.48294722
2400;59.93478904;30.25044661
2401;59.86835;30.38287
2402;59.83506;30.22337
2403;60.04120556;30.39224444
2404;59.86213004;30.40423788
2405;59.86438893;30.47087053
2406;59.85203845;30.30738889
2407;59.84646861;30.38036618
2408;59.999006;30.283516
2409;59.985443;30.301428
2410;59.747226;30.588531
2411;59.87623889;30.33424167
2412;60.0314;30.32952222
2413;59.955408;30.298448
2414;60.039486;30.398252
2415;59.73741667;30.62213889
2416;59.87888401;30.26036926
2417;60.015036;30.389727
2418;59.830914;30.14723
2419;59.93135442;30.35710933
2420;60.04373;30.32922
2421;59.83910129;30.3780306
2422;59.79818;30.404439
2423;59.735768;30.611579
2424;59.94081;30.2914
2425;59.93141;30.425567
2426;59.88774;30.36338
2427;60.02244317;30.37621956
2428;59.8778;30.2714
2429;59.89666913;30.47504723
2430;59.82418361;30.17494826
2431;59.78590109;30.14002047
2432;59.849;30.12431
2433;59.84682;30.156911
2434;59.74019;30.61988
2435;59.86828165;30.26000447
2436;59.86874;30.25703
2437;59.93163;30.35723
2438;59.86263294;30.40286334
2439;60.044257;30.327197
2440;59.920525;30.466799
2441;60.012495;30.26997
2442;59.998192;30.366812
2443;59.85112;30.40061
2444;60.0081;30.3695
2445;59.9486119;30.43598724
2446;59.86526944;30.33710556
2447;59.723638;30.07724
2448;60.04421111;30.32842778
2449;60.01123323;30.32471501
2450;60.00907036;30.2954932
2451;60.003482;30.235854
2452;59.83881007;30.33762811
2453;59.89415;30.31924
2454;59.86147;30.321
2455;59.91151695;30.34833996
2456;60.00848889;30.36969722
2457;60.01029;30.3476
2458;59.914625;30.350358
2459;59.879474;30.46114399
2460;60.02057856;30.40546481
2461;59.83360217;30.17577675
2462;59.72814669;30.08313739
2463;59.9424;30.2312
2464;59.74231;30.56013
2465;59.925;30.41587
2466;59.971909;30.396809
2467;59.85126222;30.25609836
2468;59.94040833;30.40846667
2469;59.84087482;30.15776104
2470;60.004529;30.326952
2471;59.957202;30.415245
2472;59.86195;30.32074
2473;59.84123101;30.30988468
2474;59.84444;30.39108
2475;59.952296;30.415252
2476;59.92222778;30.41976667
2477;59.8347097;30.15584104
2478;59.850445;30.394537
2479;60.035713;30.367434
2480;60.040174;30.399851
2481;60.05405833;30.30966111
2482;59.85466412;30.37104232
2483;59.93691009;30.23358846
2484;59.833587;30.418734
2485;59.878773;30.473142
2486;60.01217222;30.43444722
2487;59.723741;30.256539
2488;60.010972;30.283966
2489;59.85253;30.33113
2490;59.76111111;30.47388889
2491;59.98070726;30.40727069
2492;60.001447;30.208784
2493;60.05899;30.3063
2494;59.95895;30.47837
2495;59.851039;30.176042
2496;59.93076;30.46468
2497;59.953343;30.496614
2498;59.88888;30.319489
2499;59.89274206;30.4911873
2500;60.176087;30.315624
2501;59.93382;30.26203
2502;59.90044021;30.36313409
2503;59.85095;30.23429
2504;59.99679;29.766272
2505;59.95217853;30.4366307
2506;59.9727978;30.43664801
2507;59.8576;30.2301
2508;59.95947521;30.42354975
2509;60.0249;30.38215
2510;59.9395;30.3109
2511;59.83547904;30.50817884
2512;60.033537;30.430756
2513;59.877775;30.32035
2514;59.85585;30.20338
2515;59.73849;30.559802
2516;59.833141;30.174641
2517;59.84833265;30.12577248
2518;59.94900722;30.48028276
2519;59.987171;30.302567
2520;59.83312;30.17414
2521;60.0527;30.35696
2522;59.857012;30.17589
2523;59.90729802;30.4651089
2524;60.037227;30.35962
2525;60.008274;30.225888
2526;59.92816;30.2459
2527;59.692926;30.433604
2528;59.961944;30.315034
2529;59.956375;30.31104444
2530;59.93389186;30.3387859
2531;59.925359;30.471843
2532;59.89998019;30.27400284
2533;59.83727;30.40826
2534;60.00801;30.3396
2535;59.734116;30.421804
2536;59.90603;30.48299
2537;60.056009;30.358826
2538;59.947762;30.409392
2539;59.86078478;30.17896794
2540;60.016572;30.380942
2541;59.89845546;30.33726162
2542;59.97152;30.39707
2543;59.81138;30.30226
2544;59.9072;30.4825
2545;60.06505833;30.30187222
2546;59.94603333;30.5042
2547;59.72328;30.4289
2548;59.9602591;30.4361138
2549;60.01049175;30.26219273
2550;59.84696;30.2209
2551;60.02970278;30.36528889
2552;59.99910134;30.27129364
2553;59.92179;30.3046
2554;59.99969032;30.32890091
2555;59.93523496;30.36361783
2556;59.98429849;30.24369794
2557;59.937744;30.237331
2558;59.81262731;30.17175258
2559;60.039159;30.446831
2560;60.0171;30.2483
2561;59.94837;30.34369
2562;60.01174;30.35606
2563;59.972015;30.385211
2564;60.02356986;30.41848878
2565;59.7291479;30.08438636
2566;59.89449004;30.27509305
2567;59.94288601;30.38381708
2568;59.86015505;30.37663054
2569;59.85376944;30.32966944
2570;60.004025;30.290319
2571;60.023746;30.420289
2572;59.883674;30.468701
2573;60.005745;30.333306
2574;59.92167355;30.49235914
2575;59.88977;30.46363
2576;59.837851;30.231564
2577;59.9055;30.3182
2578;59.85200822;30.199972
2579;59.92309;30.48424
2580;59.991818;30.212853
2581;59.923863;30.475021
2582;60.02954;30.36558
2583;59.839727;30.39593
2584;60.025305;30.239654
2585;59.92413431;30.38407266
2586;59.926299;30.357869
2587;59.93611;30.3215
2588;60.01804167;30.36744722
2589;59.96293;30.37983
2590;59.904764;30.217497
2591;60.193105;29.518719
2592;59.90463;30.42062
2593;59.87597;30.32175
2594;59.97286227;30.4370817
2595;59.82588567;30.14649206
2596;59.90496;30.35503
2597;59.83373;30.09136
2598;59.999382;30.222231
2599;59.73362405;30.470255
2600;60.187302;29.510307
2601;59.90812222;30.44828333
2602;59.92934148;30.24937439
2603;59.954231;30.293024
2604;59.882261;29.894657
2605;59.74827148;30.10309416
2606;59.84686801;30.25759569
2607;59.87606;30.32858
2608;59.72246892;30.07129845
2609;59.87614;30.33485
2610;60.00584;30.35531
2611;59.96128094;30.48913826
2612;59.83981;30.336455
2613;59.985122;30.412492
2614;59.85919125;30.39370275
2615;59.859781;30.392035
2616;60.03697;30.382558
2617;59.922431;30.419877
2618;59.92211316;30.44300203
2619;60.01029;30.34803
2620;59.9353;30.2694
2621;59.91600278;30.29823056
2622;59.948553;30.28096
2623;60.007604;30.256387
2624;59.85203;30.24641
2625;59.935;30.5011
2626;59.8521;30.3832
2627;59.74518417;30.59510239
2628;59.994937;30.255298
2629;59.933749;30.369804
2630;59.947225;30.349
2631;59.945;30.46222222
2632;60.00627;30.39064
2633;59.88855;30.3198
2634;60.01279;30.3973
2635;59.74445;30.56011
2636;59.9337;30.3388
2637;59.92952854;30.32469841
2638;59.8557;30.3799
2639;59.94453;30.463724
2640;60.006258;30.247717
2641;60.021607;30.263997
2642;59.995087;30.211883
2643;59.967037;30.342799
2644;59.93843121;30.3667637
2645;59.92515;30.448157
2646;59.8672;30.371
2647;59.918132;30.495833
2648;60.00399232;30.38877023
2649;59.93136071;30.42565494
2650;59.85979167;30.22158611
2651;59.9013;30.45939
2652;59.987748;30.215785
2653;59.88320944;30.4158807
2654;59.91667;30.45704
2655;59.82560174;30.15611522
2656;59.94560615;30.41404915
2657;60.01314722;30.36861389
2658;59.829401;30.221328
2659;60.02498725;30.32524687
2660;59.95049;30.296296
2661;59.9279;30.244
2662;60.025096;30.249867
2663;59.93911087;30.28000189
2664;59.70358334;30.361
2665;59.87583333;29.88722222
2666;59.849893;30.329744
2667;59.98406096;30.25584551
2668;59.94248332;30.40702737
2669;59.87753333;30.44283333
2670;59.93008709;30.41849607
2671;59.932501;30.470513
2672;59.73798;30.57973
2673;60.051763;30.381445
2674;59.959229;30.347185
2675;59.91492;30.4034
2676;59.89725;30.35403
2677;60.078772;30.252053
2678;60.047725;30.243857
2679;59.91585833;30.29928333
2680;59.862713;30.389084
2681;59.87212924;30.36724599
2682;60.013097;30.352854
2683;59.995589;30.379949
2684;59.84974;30.32987
2685;59.847854;30.175109
2686;59.94106021;30.47670041
2687;59.938936;30.349129
2688;59.84084;30.40493
2689;59.90245;29.769999
2690;59.873702;29.900327
2691;60.02340074;30.29241352
2692;59.83251;30.17546
2693;60.02256314;30.37712316
2694;60.052856;30.371473
2695;59.99053;30.25495
2696;59.731355;30.339754
2697;59.91624444;30.3171
2698;59.84667;30.17234
2699;59.93915676;30.3113435
2700;59.70039129;30.38308568
2701;59.85371;30.32371
2702;59.82581;30.55178
2703;60.010564;29.717714
2704;60.03176667;30.32043056
2705;59.844225;30.130044
2706;60.086314;29.955006
2707;59.838077;30.396938
2708;59.703938;30.37267
2709;60.03615556;30.42132778
2710;59.96348705;30.38002476
2711;59.866955;30.460837
2712;59.87865556;30.43008333
2713;59.95926;30.3467
2714;59.98345;30.427381
2715;59.739091;30.418543
2716;59.94008293;30.21810694
2717;59.81347;30.58064
2718;60.205433;29.702688
2719;59.895609;29.774698
2720;59.85145876;30.06343142
2721;59.83855077;30.17534322
2722;59.89199167;30.26241944
2723;59.835536;30.12774
2724;59.86824375;30.39614596
2725;59.730732;30.103257
2726;60.00852222;30.41566667
2727;59.962093;30.459535
2728;59.923406;30.307855
2729;59.85817;30.19446
2730;59.95475833;30.23541111
2731;59.88145278;30.42606667
2732;59.9455;30.3677
2733;59.96656389;30.31320833
2734;59.83870858;30.20215493
2735;59.8762489;30.25875299
2736;59.93567131;30.43551334
2737;60.193415;29.663461
2738;59.91572;30.31795
2739;59.950166;30.218255
2740;59.85497;30.32921
2741;59.84635;30.18811
2742;59.707481;30.415735
2743;59.95124203;30.23372656
2744;59.915203;30.348036
2745;59.90623886;30.35487364
2746;59.86868869;30.34535652
2747;59.96812;30.38457
2748;59.85126111;30.17597778
2749;59.964167;30.419391
2750;59.831694;30.413847
2751;59.76922901;30.12054766
2752;59.83104;30.38506
2753;59.877417;29.868543
2754;60.048186;30.280638
2755;59.991832;29.786335
2756;59.78123;30.594003
2757;59.97161051;30.30637626
2758;59.9541;30.2187
2759;59.83569;30.14678
2760;59.978769;30.501689
2761;59.84188;30.33207
2762;59.90416667;30.39027778
2763;59.82329;30.35884
2764;59.94511611;30.28512109
2765;60.035273;30.452783
2766;59.997178;30.300583
2767;59.826882;30.232256
2768;59.868117;30.382926
2769;59.908336;30.308857
2770;59.783479;30.108182
2771;59.684556;30.454529
2772;60.110319;30.283221
2773;59.744894;29.622465
2774;59.90393443;30.40421503
2775;59.838771;30.128969
2776;59.74753022;30.51109608
2777;60.122207;29.957195
2778;60.03128056;30.39234167
2779;60.01777778;30.2725
2780;60.043129;30.408912
2781;59.660689;30.530592
2782;59.931979;30.292901
2783;59.90990176;30.32521851
2784;59.82913514;30.34883464
2785;60.01678889;30.33771944
2786;59.84540841;30.36614507
2787;59.99178;30.43391
2788;59.861466;30.449595
2789;59.95641709;30.46649204
2790;59.954607;30.242765
2791;59.803744;30.595162
2792;59.8729679;29.90802202
2793;60.006466;29.74223
2794;60.22627;29.684451
2795;59.98375;30.26975
2796;59.99773;30.43818
2797;59.927678;30.2421
2798;60.02368958;30.28246272
2799;59.861016;30.203208
2800;59.94068333;30.29139444
2801;59.90141;30.42615
2802;59.83607222;30.34300833
2803;60.014554;30.412919
2804;59.864282;30.304976
2805;60.058264;30.383777
2806;59.85320539;30.32176883
2807;59.86636407;30.32154538
2808;59.74041886;30.59333551
2809;60.01280707;30.39622831
2810;59.98953839;30.25521783
2811;59.721248;30.268051
2812;59.92761072;30.34837408
2813;60.01062184;30.28506549
2814;59.91499;30.31839
2815;60.008633;30.416003
2816;59.8416719;30.48865323
2817;60.000021;30.289918
2818;60.04007;30.34633
2819;59.92051427;30.3296782
2820;60.062675;30.30366667
2821;59.74109;30.39388
2822;59.8867;30.2677
2823;60.0001987;30.29607623
2824;59.84619;30.18744
2825;59.749102;30.606585
2826;59.93842522;30.37488588
2827;60.01685676;30.31230812
2828;60.003111;30.43717
2829;59.86799;30.26059
2830;60.2382;29.75886
2831;59.841599;30.252752
2832;59.86617799;30.41698136
2833;59.933904;30.261839
2834;59.98691825;30.30380034
2835;60.01637;30.38169
2836;59.99662222;30.32341389
2837;59.90745833;30.34645278
2838;59.99817;30.43835
2839;59.86835;30.25999
2840;60.015979;30.287252
2841;59.99841;30.27756
2842;59.85765622;30.19515006
2843;59.83431178;30.15714107
2844;59.89886334;30.33704774
2845;59.96849;30.38457
2846;59.8516543;30.27907919
2847;59.84190278;30.20599444
2848;60.01195;30.27444167
2849;59.935908;30.40774
2850;59.97447198;30.41476858
2851;59.99074;30.254484
2852;59.73068264;30.57766761
2853;60.007696;30.236376
2854;59.73857739;30.09001602
2855;59.70852779;30.41302778
2856;59.87243572;30.32061205
2857;59.824668;30.163039
2858;59.87742942;30.3960216
2859;59.86244;30.38913
2860;59.903655;30.469347
2861;59.85079609;30.23478541
2862;59.97703;30.50583
2863;59.88005833;30.46213889
2864;60.01064;30.20922
2865;60.067984;30.334774
2866;59.82633;30.40936
2867;60.02103769;30.32077823
2868;60.042754;30.409985
2869;59.91181667;30.34855833
2870;60.01297598;30.36834441
2871;60.043494;30.380641
2872;59.86206;30.40263
2873;59.94293056;30.21480833
2874;59.988756;30.340622
2875;59.9367908;30.31335259
2876;59.83292636;30.17687043
2877;59.85998333;30.21453056
2878;59.9144406;30.35005798
2879;59.94398611;30.41261944
2880;59.83529;30.40056
2881;59.851756;30.24784
2882;59.90237012;30.48646127
2883;59.96009;30.483212
2884;59.9411;30.3801
2885;60.004218;30.289934
2886;59.82827258;30.18928778
2887;59.91578056;30.29829444
2888;59.98511564;30.42675833
2889;59.74986261;30.58782008
2890;59.98981945;30.25610556
2891;60.00539626;30.33335399
2892;59.85579021;30.20337418
2893;59.91201402;30.40016802
2894;59.92804959;30.40820901
2895;60.000423;30.365372
2896;59.83778614;30.31978616
2897;59.97764949;30.43015963
2898;60.02104;30.32048
2899;59.950413;30.485542
2900;60.00818301;30.41653825
2901;60.052725;30.33566944
2902;60.04669;30.40414
2903;59.97613994;30.30256946
2904;59.928;30.41256
2905;60.00334722;30.43755833
2906;59.84689;30.405253
2907;60.05079798;30.31645067
2908;59.99126;30.43372
2909;59.93975016;30.30008871
2910;59.97500415;30.40038328
2911;59.86299;30.192723
2912;59.93826538;30.36668987
2913;59.83339582;30.16454902
2914;59.954196;30.459721
2915;60.02509602;30.38342258
2916;59.881698;30.468639
2917;59.94370059;30.42001775
2918;60.051716;30.341135
2919;60.00195;30.30639
2920;59.99643056;30.37913889
2921;60.04552829;30.39594616
2922;59.87256422;30.36719356
2923;59.9897;30.2552
2924;59.915109;30.484293
2925;60.06067752;30.31720909
2926;59.93266025;30.34667736
2927;60.02343611;30.31972778
2928;59.932921;30.346897
2929;59.864;30.3735
2930;59.9488;30.2316
2931;59.87192;30.33024
2932;59.82721;30.41648
2933;59.81358333;30.29363889
2934;59.851203;30.25611389
2935;59.99886;30.27819
2936;60.01709123;30.38681022
2937;59.90699;30.48343
2938;59.82428093;30.32237773
2939;59.84001389;30.49530556
2940;59.96826;30.426114
2941;59.999641;30.26875
2942;59.956782;30.237068
2943;60.00573056;30.27668611
2944;59.9179;30.28905
2945;59.72698;30.40092
2946;59.84857951;30.22871164
2947;59.97123633;30.38706486
2948;59.929133;30.476843
2949;60.00597;30.27582
2950;60.04128056;30.39153611
2951;59.97313045;30.37951874
2952;59.92959;30.4112
2953;59.91751;30.4947
2954;59.99183;30.35438
2955;59.95036371;30.42155569
2956;60.00063611;30.29679444
2957;60.04019;30.39954
2958;59.86458066;30.34666163
2959;59.741828;30.617129
2960;59.87776111;30.38481944
2961;59.9205175;30.35404891
2962;60.017857;30.321985
2963;59.9301;30.4185
2964;59.792876;30.564662
2965;59.86861389;30.37024444
2966;59.96898056;30.40895278
2967;59.85223;30.33863
2968;60.01058889;30.34641944
2969;59.7689269;30.1198878
2970;59.842974;30.276179
2971;59.99119;30.255019
2972;60.05104;30.31138
2973;60.04230278;30.38684444
2974;60.04199;30.33406
2975;59.98483333;30.42585
2976;60.00626247;30.42415044
2977;59.990545;30.254907
2978;59.93015;30.36727
2979;59.89062;30.36047
2980;59.74725;30.56139
2981;59.88994;30.27091
2982;59.977999;30.429758
2983;59.89766111;30.25370556
2984;59.877664;30.384911
2985;59.92837;30.37227
2986;59.861405;30.45173
2987;60.00021667;30.29581389
2988;59.940177;30.250902
2989;59.95564;30.4662
2990;59.87076999;30.39312354
2991;59.95682029;30.49275306
2992;59.832931;29.87707
2993;60.018384;30.366082
2994;59.98551;30.34533
2995;59.89851981;30.40625504
2996;60.04611;30.36683
2997;59.96335594;30.40761041
2998;60.012295;30.274703
2999;60.01658;30.36844
3000;59.83861;30.4999
3001;60.01436667;30.41236944
3002;59.83306;30.39136
3003;59.93712778;30.34798056
3004;59.8429077;30.3235938
3005;59.83803;30.426162
3006;59.93602158;30.31384658
3007;59.853297;29.950565
3008;59.83503604;30.15663759
3009;59.91923747;30.47059432
3010;59.88836;30.27691
3011;60.03027778;30.41476111
3012;60.0049;30.2578
3013;59.748472;30.567516
3014;59.94814138;30.47514611
3015;59.59023671;29.41684185
3016;59.984762;30.315491
3017;59.99104;30.35216
3018;59.93493611;30.37084444
3019;59.83309;30.19625
3020;59.8524;30.2565
3021;59.83587778;30.34355278
3022;59.990748;30.306575
3023;59.951703;30.471627
3024;59.8767;30.2768
3025;59.88362;30.36763
3026;59.93777317;30.23668104
3027;59.991651;30.307948
3028;59.93612;30.31448
3029;60.012474;30.42993
3030;59.86848;30.46317
3031;59.999775;30.36298889
3032;60.00321;30.32999
3033;60.01303333;30.352775
3034;60.03686;30.3197
3035;59.970511;30.4225
3036;59.94166767;30.46483275
3037;60.00835;30.24917
3038;59.983315;30.331682
3039;59.88364951;30.46754811
3040;59.86085947;30.47830062
3041;60.01492;30.3901
3042;59.85864722;30.47626944
3043;59.85786;30.47674
3044;59.8141607;30.32395991
3045;59.9457;30.4777
3046;60.04403889;30.40195278
3047;59.98522466;30.33508071
3048;59.85157917;30.07079018
3049;59.9398;30.2198
3050;59.99868;30.24424
3051;59.845713;30.202438
3052;59.683949;30.458408
3053;59.8334;30.2117
3054;59.993033;30.225021
3055;60.006311;30.211576
3056;60.055032;30.344614
3057;60.015154;30.357796
3058;59.97365;30.3908
3059;59.99394923;30.33127183
3060;59.83345556;30.16434167
3061;59.94583333;30.46111111
3062;59.968078;30.410488
3063;59.966212;30.331329
3064;59.9368;30.3135
3065;59.98437;30.3364
3066;59.919373;30.467167
3067;59.724026;30.610013
3068;59.91792;29.76742
3069;59.858137;30.194383
3070;59.84284777;30.24544441
3071;59.88358;30.36653
3072;59.90767;29.77419
3073;59.984838;30.3319
3074;60.04008;29.976733
3075;60.0320274;30.38535161
3076;59.9001;30.2739
3077;59.852;30.3318
3078;59.721656;30.418966
3079;59.92634722;30.3582
3080;59.84184;30.33256
3081;59.732869;30.08857
3082;59.83459;30.36128
3083;59.85204402;30.28742901
3084;59.864955;30.386789
3085;59.8749;30.2581
3086;60.091045;30.378163
3087;59.744452;30.609069
3088;59.946792;30.230576
3089;60.01011667;30.409075
3090;59.93025;30.41123056
3091;59.95742054;30.29106017
3092;60.082076;29.950993
3093;59.864875;30.40025278
3094;59.979883;30.4205
3095;59.96218416;30.34464099
3096;59.87551389;30.24389444
3097;59.897728;29.767692
3098;60.00876111;30.41530556
3099;59.8417;30.393269
3100;59.846214;30.176465
3101;60.01366;30.39857
3102;60.02056389;30.32088056
3103;60.079023;30.258632
3104;59.72753499;30.45984666
3105;59.72872223;30.4115
3106;59.953341;30.430668
3107;59.90887;30.4916
3108;59.96489284;30.41836728
3109;59.850732;30.184282
3110;59.699076;30.424366
3111;59.807365;30.16537
3112;60.0002;30.26334
3113;59.91141;30.3185
3114;59.974737;30.316532
3115;60.008874;30.369623
3116;59.91377541;30.35783606
3117;59.93734408;30.2591166
3118;59.8477;30.3873
3119;59.777088;30.593989
3120;59.89278889;30.49120556
3121;59.96055;30.36907
3122;59.90437;30.42121
3123;59.58681616;29.32753292
3124;59.908102;29.783866
3125;59.83124;30.38431
3126;59.98675833;30.40255556
3127;59.90861;30.49016
3128;59.91597201;30.45690059
3129;59.95453;30.36257
3130;59.73539;30.61222
3131;59.9737585;30.41461741
3132;60.02646944;30.41085556
3133;59.950763;30.487499
3134;60.012835;30.397367
3135;59.744311;30.608849
3136;59.83617732;30.17572055
3137;59.903034;29.770621
3138;59.88633056;30.42333056
3139;59.93006;30.41113
3140;59.97372;30.38927
3141;59.92919432;30.32340627
3142;59.95452;30.32673
3143;59.99453;30.32938
3144;59.85559138;30.22668799
3145;59.90748177;30.27538865
3146;59.85307778;30.10169167
3147;59.957993;30.302535
3148;60.03159539;30.31995851
3149;60.00855;30.20085
3150;59.90127;30.35303
3151;59.58451188;29.31099019
3152;59.70077779;30.38094446
3153;60.05228056;30.33455278
3154;59.84594722;30.20433889
3155;60.0068;30.42233
3156;60.04144;30.34031
3157;60.193735;29.670918
3158;60.01676;30.278106
3159;59.92870278;30.40950278
3160;59.966965;30.305617
3161;60.01841;30.36613
3162;59.88407322;30.42331021
3163;59.93459;30.23859
3164;59.8718;30.3059
3165;59.93476;30.24982
3166;59.8716;29.85172
3167;60.029618;30.364853
3168;59.8383;30.3968
3169;59.827756;30.21495
3170;59.95997459;30.42261121
3171;60.00158333;30.31018889
3172;60.032393;30.401589
3173;59.90993;29.77473
3174;59.981788;30.375813
3175;59.861938;30.328891
3176;59.73268279;30.57801328
3177;59.9617055;30.37810076
3178;59.95995;30.48208611
3179;59.8924;30.25522
3180;59.8518528;30.19856506
3181;59.959685;30.407416
3182;59.85207;30.22654
3183;60.026798;30.390031
3184;59.98096117;30.33653551
3185;60.063066;30.303201
3186;59.85526576;30.36101801
3187;59.852575;30.222831
3188;60.034547;30.323301
3189;59.958045;30.298748
3190;59.709727;30.382562
3191;59.93901667;30.31103056
3192;59.87563;30.3141
3193;59.772915;30.594386
3194;60.07360653;30.37593103
3195;60.098821;29.972891
3196;59.9901;30.193981
3197;60.01565589;30.35981658
3198;59.760488;30.598107
3199;60.010336;30.202827
3200;59.999943;30.222073
3201;59.86632633;30.45966591
3202;59.83483994;30.22214774
3203;59.94861111;30.37888889
3204;59.9381;30.3749
3205;59.87755;30.34684
3206;59.869676;30.482637
3207;59.98511667;30.41276389
3208;60.003884;30.237013
3209;59.862827;30.473832
3210;59.94200076;30.40994258
3211;59.94;30.496885
3212;60.042261;30.334934
3213;59.82844;29.87507
3214;60.03761;30.410789
3215;59.988888;30.425103
3216;59.95598611;30.37253889
3217;60.039952;29.973882
3218;59.89861;30.43069
3219;59.781835;30.324687
3220;59.72611;30.203163
3221;60.0133;30.2527
3222;59.968748;30.437638
3223;59.74713889;30.61475
3224;60.00834;30.36255
3225;59.89941;30.48923
3226;59.99772222;30.33315833
3227;60.01118781;30.35712531
3228;59.782837;30.636331
3229;60.06471;30.31729
3230;59.82092;30.37945
3231;60.121405;29.9753
3232;60.00625;30.24727
3233;59.87697339;30.25720584
3234;59.92725833;30.2388
3235;59.852489;30.037018
3236;59.945694;30.271969
3237;60.052125;30.377998
3238;59.82746;30.42189
3239;59.91305;30.31811
3240;59.93545;30.26989
3241;60.04637;30.40649
3242;59.652822;30.406599
3243;60.00643463;30.23586468
3244;59.857887;30.16938
3245;60.03722969;30.32163587
3246;59.84970968;30.26834779
3247;59.83339722;30.39209167
3248;59.90106435;30.27481859
3249;60.04539167;30.37430833
3250;60.03070354;30.39107999
3251;59.93261009;30.43898745
3252;59.98426198;30.24852786
3253;59.89659143;30.42377257
3254;59.84923849;30.32115019
3255;59.87975294;30.26163138
3256;59.82988;30.37439
3257;59.8647;30.38685
3258;59.93148;30.35876
3259;59.8483;30.2564
3260;59.88375;30.47838056
3261;59.84601;30.3795
3262;59.92550554;30.29233711
3263;60.01075556;30.32481944
3264;59.84106;30.38451
3265;59.997767;30.437936
3266;59.97179242;30.25941351
3267;60.000957;30.209797
3268;60.03995833;30.39804167
3269;59.86969235;30.40979055
3270;59.85965;30.2285
3271;59.833108;30.182092
3272;59.84196;30.40992
3273;59.91155556;30.40806667
3274;59.74988314;30.56158047
3275;59.87497533;30.25809324
3276;60.05180317;30.31614998
3277;59.93147495;30.42462274
3278;59.85071944;30.48016389
3279;59.89417;30.46192
3280;60.04195425;30.38721709
3281;59.862034;30.402456
3282;59.85201701;30.29791988
3283;59.96245;30.35227
3284;59.96783688;30.43713254
3285;59.90328;30.46848
3286;59.8492;30.33013
3287;59.97189;30.39681
3288;59.9142;30.44706
3289;59.968897;30.411357
3290;59.9233;30.28492
3291;60.02138152;30.39117687
3292;59.866506;30.321036
3293;59.95362458;30.2896978
3294;59.89018035;30.41897443
3295;60.006372;30.213658
3296;59.83531389;30.14793611
3297;59.85142;30.39919
3298;59.88416667;30.36682778
3299;60.01137;30.24523
3300;59.896175;30.422561
3301;59.844642;30.263622
3302;60.036475;30.32269167
3303;59.89023;30.27263
3304;59.95627839;30.22424029
3305;59.85620691;30.38079891
3306;59.89074;30.27234
3307;60.01682;30.40134
3308;59.83509167;30.14726667
3309;59.8559;30.2276
3310;60.00052;30.194164
3311;59.83340278;30.16497778
3312;59.97653724;30.4176275
3313;59.88301304;30.26405996
3314;59.93555119;30.2711465
3315;59.94295994;30.21477744
3316;60.03406667;30.42727778
3317;59.8296;30.40502
3318;60.04822159;30.35331595
3319;60.05029444;30.34766111
3320;59.81899766;30.1792813
3321;59.85377817;30.32164843
3322;59.8605;30.20364
3323;60.05144;30.34148
3324;59.75054;30.61072
3325;59.91733;29.77009
3326;59.859902;30.207231
3327;59.85169;30.26999
3328;59.91974839;30.29573914
3329;60.03979;30.34719
3330;59.857031;30.3507
3331;59.85486836;30.37014206
3332;59.86471074;30.31317403
3333;59.94320202;30.23128667
3334;60.00193109;30.43630353
3335;59.99948;30.3842
3336;59.89075092;30.27232258
3337;59.82926305;30.38033609
3338;59.860032;30.234118
3339;59.83294269;30.18351205
3340;59.85259939;30.21739494
3341;59.835542;30.133899
3342;59.93536664;30.32483703
3343;59.83288;29.87729
3344;59.86547979;30.41358101
3345;59.84654;30.17928
3346;59.83377;30.21886
3347;60.04733889;30.33074722
3348;60.05560329;30.34541999
3349;60.03980278;30.42408611
3350;59.84531084;30.25095986
3351;59.86403977;30.37340006
3352;59.91553791;30.47413056
3353;59.92139167;30.35441667
3354;59.8557;30.20241
3355;59.864693;29.925529
3356;59.89152686;30.32032508
3357;59.94522223;30.48352779
3358;59.84814;30.38641
3359;59.85832719;30.32139035
3360;60.00365015;30.38814046
3361;59.95546;30.2984
3362;59.92825556;30.41252778
3363;60.01089444;30.34787778
3364;60.00174722;30.297975
3365;59.92160613;30.35458305
3366;59.824431;30.164198
3367;59.960951;30.2908
3368;59.96822;30.42602
3369;60.01028466;30.34752441
3370;59.7501101;30.56944797
3371;60.03010556;30.32949722
3372;59.891132;29.861788
3373;59.92171;30.477759
3374;59.912106;30.258638
3375;59.96242276;30.48826237
3376;60.03968611;30.39970278
3377;60.000617;30.296731
3378;59.87781;30.34789
3379;60.016612;30.428253
3380;59.832031;30.502742
3381;59.87774167;30.25727778
3382;60.03730278;30.41106111
3383;60.067753;30.392829
3384;60.00670278;30.39153889
3385;59.86669759;30.27673417
3386;59.844;30.3911
3387;59.864987;30.323124
3388;59.869824;29.849811
3389;59.9408;30.3791
3390;59.890909;30.417961
3391;59.86161222;30.46760602
3392;60.05003;30.34788
3393;60.02997846;30.32949591
3394;59.89291987;30.41497013
3395;60.0087;30.2581
3396;60.051924;30.38269
3397;59.9175;30.4948
3398;59.85501389;30.47810556
3399;60.05121108;30.31725348
3400;60.039432;30.399658
3401;59.85347;30.32245
3402;59.8655;30.4136
3403;59.8601;30.2338
3404;59.92916214;30.41361898
3405;59.91263;30.4399
3406;59.99983;30.32917
3407;59.835606;30.1478417
3408;59.83772438;30.41350459
3409;59.90721358;30.48249059
3410;59.92027222;30.32809444
3411;59.741277;30.609241
3412;59.8835115;30.26499306
3413;60.000575;30.347625
3414;59.98548889;30.34514722
3415;59.943212;30.260682
3416;59.84277;30.24523
3417;59.96714;30.38599
3418;59.73772456;30.41208294
3419;59.84647;30.17191
3420;59.999102;30.221075
3421;59.859794;30.231822
3422;59.87486;30.38978
3423;59.9517;30.4715
3424;59.738484;30.467425
3425;59.71955823;30.40839131
3426;59.73335;30.088323
3427;59.72638889;30.41705556
3428;59.94217324;30.23123871
3429;59.890094;30.465469
3430;59.8776;30.34702
3431;59.86565166;30.32027068
3432;59.73556;30.61567
3433;59.935056;30.371
3434;59.85264;30.21733
3435;59.87120397;30.31995661
3436;59.9014;30.45833
3437;59.850751;30.322769
3438;59.83696;30.40765
3439;59.84239444;30.40921944
3440;59.85200299;30.24067266
3441;60.044748;30.418474
3442;59.89138889;30.47222222
3443;60.077206;30.335473
3444;59.83993;30.49518
3445;60.025043;30.413607
3446;59.76083333;30.47361111
3447;59.91806111;30.42574722
3448;59.998868;30.278213
3449;59.836449;30.26875
3450;59.96064751;30.45119069
3451;59.997763;29.766163
3452;59.83773889;30.23133611
3453;59.94592231;30.3319101
3454;59.86255089;30.49510931
3455;59.85971;30.39164
3456;59.9418;30.4666
3457;59.9314;30.35697
3458;59.956012;30.468183
3459;60.03055278;30.39091389
3460;59.995474;29.767283
3461;59.96;30.43022
3462;60.04492;30.4181
3463;59.83502222;30.36016944
3464;59.73566796;30.61711182
3465;59.88386652;30.42224481
3466;59.711405;30.378871
3467;59.893394;30.428225
3468;60.04643;30.366
3469;59.8729326;29.89057941
3470;59.97618878;30.43626239
3471;59.961262;30.292686
3472;59.93879528;30.26414061
3473;59.90648;30.48201
3474;59.92823333;30.37266389
3475;59.881968;30.471105
3476;59.85622297;30.25619508
3477;59.93503043;30.50110758
3478;60.01226111;30.27461389
3479;60.04301742;30.34909184
3480;59.9395;30.5044
3481;59.970767;30.313962
3482;60.03645351;30.36518133
3483;59.8556;30.2266
3484;60.03561111;30.41936111
3485;60.03272285;30.43108024
3486;59.943362;30.215299
3487;60.041567;30.391527
3488;59.911671;30.350792
3489;59.935675;30.40748224
3490;59.85424422;30.24373208
3491;59.97960449;30.38182998
3492;60.01026523;30.34810218
3493;59.8335;30.1956
3494;59.90057906;30.48869681
3495;59.8533;30.21576
3496;59.83565556;30.50814722
3497;60.017987;30.315828
3498;59.92646944;30.37695
3499;59.8491;30.2171
3500;59.851573;30.398738
3501;59.868706;30.256492
3502;60.00680185;30.39167074
3503;60.050848;30.370304
3504;60.01344251;30.32342687
3505;60.006274;30.246483
3506;59.835;30.3993
3507;59.859552;30.189386
3508;59.924078;30.383503
3509;59.86471;30.38654
3510;59.87716396;30.39808836
3511;59.8793;30.31945833
3512;59.92582778;30.34136389
3513;60.010936;30.348039
3514;59.904852;30.3630078
3515;59.94877;30.301961
3516;59.905403;30.476707
3517;59.80430105;30.32449306
3518;59.99088;30.31637
3519;59.87925;30.44675833
3520;60.00937416;30.39374578
3521;59.87987;30.35717
3522;59.9705;30.40238
3523;59.961477;30.316118
3524;59.84983456;30.36370916
3525;59.856702;30.256476
3526;59.85802;30.32118
3527;59.92957;30.3683
3528;60.00818611;30.41673056
3529;59.90493611;30.45409722
3530;59.93416667;30.23527778
3531;59.99873056;30.36101667
3532;59.89956;30.472716
3533;59.855199;29.951745
3534;60.049099;30.235746
3535;59.783128;30.433288
3536;60.003575;30.195933
3537;59.92075002;30.46730556
3538;59.9457;30.33095
3539;59.91282;30.277188
3540;59.78036308;30.13342303
3541;59.85296803;30.09157999
3542;60.022732;30.252668
3543;60.050828;30.3691
3544;59.94302778;30.278325
3545;59.82492216;30.15529728
3546;59.99096;30.242695
3547;60.026166;30.409638
3548;59.888211;30.31910004
3549;59.96184242;30.48779951
3550;59.94243;30.23153
3551;60.0105;30.256111
3552;59.86347;30.47522
3553;60.0045;30.2571
3554;59.9408;30.2707
3555;59.906159;30.405518
3556;60.00643;30.43593
3557;59.734735;30.562098
3558;59.85276;30.35413
3559;59.84095983;30.36814552
3560;59.87921111;30.4295
3561;59.83995682;30.2375889
3562;59.93352;30.34773
3563;59.954111;30.3569
3564;59.73023;30.4069
3565;59.9323;30.3682
3566;59.72836376;30.41219707
3567;59.897112;30.460515
3568;60.00793;30.19918
3569;59.89454722;30.31956944
3570;59.87028795;29.91902534
3571;59.83405834;30.15631358
3572;59.982984;30.409911
3573;59.93396111;30.40706389
3574;59.95653333;30.23499167
3575;59.83347062;30.50594068
3576;59.91009;30.31816
3577;59.719771;30.413062
3578;59.85707;30.19928
3579;60.03652;30.36508
3580;59.87809;30.2668
3581;59.829308;30.423728
3582;59.944733;30.266004
3583;59.86012;30.20709
3584;60.01271279;30.34359933
3585;60.02588768;30.40899548
3586;59.843915;30.39107
3587;60.030456;30.41551
3588;59.89703;30.25324
3589;59.89166667;30.49
3590;59.89136;30.44008
3591;60.0172802;30.24861886
3592;59.959834;30.301999
3593;59.94417;30.462661
3594;59.90622012;30.48278809
3595;59.9543;30.41508333
3596;59.95317;30.43023
3597;59.722469;30.42781
3598;59.87355;30.446849
3599;59.781276;30.639603
3600;59.89494;30.43644
3601;60.03186902;30.40714469
3602;60.002803;30.244597
3603;59.95669548;30.49397405
3604;59.86896;29.86752
3605;59.94250556;30.40702778
3606;59.864179;30.165533
3607;60.013428;30.252619
3608;59.89501;29.76819
3609;59.95005795;30.48669678
3610;59.973602;30.327169
3611;59.948525;30.386408
3612;59.94249722;30.22982778
3613;59.97939251;30.39478949
3614;59.74931;30.61285
3615;59.89762;30.319433
3616;60.0296;30.3649
3617;59.98620833;30.35517778
3618;59.687706;29.850004
3619;59.85567114;30.48045867
3620;60.00518;30.33283
3621;60.05535;30.3591
3622;59.83676;30.19877
3623;59.883;30.264
3624;59.854621;30.147362
3625;59.917504;30.378208
3626;59.950927;30.471704
3627;59.621896;30.393579
3628;59.879294;30.372173
3629;59.88997;30.4637
3630;59.72331;30.41354
3631;60.0028;30.43663333
3632;59.85247916;30.03796772
3633;59.761928;30.630119
3634;59.74115374;30.58081668
3635;59.9687;30.41124
3636;60.08405;29.956415
3637;59.738128;30.413457
3638;59.91027222;30.29783611
3639;59.94354722;30.37404168
3640;59.861664;30.180181
3641;59.86245;30.38886
3642;59.848595;30.13305
3643;59.83380776;30.31101211
3644;59.91768889;30.32032222
3645;59.74601;30.08451
3646;59.88108;29.90275
3647;59.94898;30.36002
3648;59.87250107;29.85336222
3649;59.87323122;29.89915747
3650;60.025558;30.228141
3651;60.06279444;30.31891111
3652;59.86462;30.26285
3653;60.03146;30.34342
3654;59.98298;30.33194
3655;59.86138976;30.35816862
3656;59.70357;30.40702
3657;59.93237778;30.34931111
3658;59.87530742;30.4434043
3659;59.97430212;30.33914621
3660;59.88856111;30.42082222
3661;59.695037;30.785301
3662;59.93594759;30.48921406
3663;59.924841;30.489805
3664;59.99505949;30.39167108
3665;60.011332;30.405186
3666;60.00800943;30.24791912
3667;59.759413;30.599153
3668;59.916922;30.401428
3669;59.94663;30.35076
3670;59.916385;30.307861
3671;60.00284313;30.35939404
3672;60.230337;29.692245
3673;59.87392;30.38911
3674;59.9943;30.3606
3675;59.79759;30.604595
3676;59.704124;30.418728
3677;59.728613;30.354205
3678;59.921509;30.286482
3679;60.063623;30.317262
3680;59.966253;30.289498
3681;59.97591743;30.30305401
3682;59.92852758;30.30834611
3683;59.84181111;30.17528333
3684;59.877704;30.345918
3685;59.91200833;30.29743056
3686;59.86089;30.1824
3687;59.9378;30.387312
3688;59.86737863;30.35946395
3689;60.024538;30.249835
3690;59.988576;30.295363
3691;59.843671;30.277607
3692;59.91365;30.47652778
3693;59.914276;30.446313
3694;59.872899;30.267656
3695;59.635389;30.53901
3696;59.954097;30.322534
3697;59.936867;30.476944
3698;59.92590721;30.29659174
3699;59.76251603;30.36328589
3700;59.939237;30.424943
3701;59.57612925;29.28586015
3702;59.70094;30.39631
3703;60.003547;30.398106
3704;59.99005097;30.33286523
3705;59.9374;30.4762
3706;59.71463889;30.40697223
3707;60.041929;30.414629
3708;59.949795;30.414814
3709;60.03963;30.33246
3710;59.87268;30.43771
3711;59.807535;30.166041
3712;59.922114;30.40742
3713;60.01388167;30.25257333
3714;59.97841;30.382083
3715;60.007949;30.204216
3716;59.99563088;30.25129721
3717;59.96864444;30.31436667
3718;60.07725;30.24073
3719;59.95312351;30.44985119
3720;59.99434;30.418997
3721;60.34222;29.88403
3722;60.05112;30.34237
3723;59.917267;30.45233
3724;59.948453;30.378125
3725;59.67308069;29.85319962
3726;60.02361;30.40682
3727;59.91012;29.77354
3728;59.828654;30.191191
3729;59.812597;30.380287
3730;59.713288;30.429404
3731;59.679741;30.496984
